arch,nas_class,variant,kernel,cores,threads,mops,runtime_s
grace,B,base,BT,1,1,8086.08,86.84
grace,B,base,BT,2,2,15960.99,43.99
grace,B,base,BT,3,3,24111.27,29.12
grace,B,base,BT,4,4,32108.4,21.87
grace,B,base,BT,5,5,39740.21,17.67
grace,B,base,BT,6,6,47694.66,14.72
grace,B,base,BT,7,7,55664.87,12.61
grace,B,base,BT,8,8,63488.08,11.06
grace,B,base,BT,9,9,71364.32,9.84
grace,B,base,BT,10,10,79483.7,8.83
grace,B,base,BT,11,11,87871.68,7.99
grace,B,base,BT,12,12,95592.31,7.35
grace,B,base,BT,13,13,103464.47,6.79
grace,B,base,BT,14,14,111747.16,6.28
grace,B,base,BT,15,15,119745.11,5.86
grace,B,base,BT,16,16,127501.37,5.51
grace,B,base,BT,17,17,135138.52,5.2
grace,B,base,BT,18,18,143228.11,4.9
grace,B,base,BT,19,19,150714.35,4.66
grace,B,base,BT,20,20,158418.58,4.43
grace,B,base,BT,21,21,166530.63,4.22
grace,B,base,BT,22,22,174406.66,4.03
grace,B,base,BT,23,23,182137.26,3.86
grace,B,base,BT,24,24,189447.91,3.71
grace,B,base,BT,25,25,197360.77,3.56
grace,B,base,BT,26,26,204874.33,3.43
grace,B,base,BT,27,27,212488.77,3.3
grace,B,base,BT,28,28,220496.56,3.18
grace,B,base,BT,29,29,227813.74,3.08
grace,B,base,BT,30,30,235012.77,2.99
grace,B,base,BT,31,31,242589.09,2.89
grace,B,base,BT,32,32,250100.93,2.81
grace,B,base,BT,33,33,257935.39,2.72
grace,B,base,BT,34,34,265496.21,2.64
grace,B,base,BT,35,35,272905.72,2.57
grace,B,base,BT,36,36,280076.43,2.51
grace,B,base,BT,37,37,288052.59,2.44
grace,B,base,BT,38,38,295174.51,2.38
grace,B,base,BT,39,39,302514.45,2.32
grace,B,base,BT,40,40,309881.73,2.27
grace,B,base,BT,41,41,318294.89,2.21
grace,B,base,BT,42,42,325070.13,2.16
grace,B,base,BT,43,43,331822.92,2.12
grace,B,base,BT,44,44,340018.15,2.07
grace,B,base,BT,45,45,345949.26,2.03
grace,B,base,BT,46,46,354387.19,1.98
grace,B,base,BT,47,47,363024.91,1.93
grace,B,base,BT,48,48,370510.8,1.9
grace,B,base,BT,49,49,378737.32,1.85
grace,B,base,BT,50,50,385471.9,1.82
grace,B,base,BT,51,51,392213.56,1.79
grace,B,base,BT,52,52,399464.6,1.76
grace,B,base,BT,53,53,407195.35,1.72
grace,B,base,BT,54,54,414630.53,1.69
grace,B,base,BT,55,55,421559.91,1.67
grace,B,base,BT,56,56,429555.28,1.63
grace,B,base,BT,57,57,437748.88,1.6
grace,B,base,BT,58,58,446116.51,1.57
grace,B,base,BT,59,59,453462.95,1.55
grace,B,base,BT,60,60,460846.09,1.52
grace,B,base,BT,61,61,466206.93,1.51
grace,B,base,BT,62,62,470103.15,1.49
grace,B,base,BT,63,63,482634.1,1.45
grace,B,base,BT,64,64,485177.32,1.45
grace,B,base,BT,65,65,493616.35,1.42
grace,B,base,BT,66,66,503336.75,1.4
grace,B,base,BT,67,67,508379.06,1.38
grace,B,base,BT,68,68,513731.18,1.37
grace,B,base,BT,69,69,521414.55,1.35
grace,B,base,BT,70,70,527963.06,1.33
grace,B,base,BT,71,71,535491.19,1.31
grace,B,base,BT,72,72,541413.43,1.3
grace,B,base,CG,1,1,2694.64,20.3
grace,B,base,CG,2,2,4861.53,11.25
grace,B,base,CG,3,3,7829.08,6.99
grace,B,base,CG,4,4,10586.66,5.17
grace,B,base,CG,5,5,12886.73,4.25
grace,B,base,CG,6,6,15319.49,3.57
grace,B,base,CG,7,7,17671.77,3.1
grace,B,base,CG,8,8,20137.94,2.72
grace,B,base,CG,9,9,22058.48,2.48
grace,B,base,CG,10,10,24823.55,2.2
grace,B,base,CG,11,11,26791.48,2.04
grace,B,base,CG,12,12,22335.05,2.45
grace,B,base,CG,13,13,28057.74,1.95
grace,B,base,CG,14,14,32448.79,1.69
grace,B,base,CG,15,15,30731.12,1.78
grace,B,base,CG,16,16,36273.0,1.51
grace,B,base,CG,17,17,26120.28,2.09
grace,B,base,CG,18,18,27039.73,2.02
grace,B,base,CG,19,19,41355.77,1.32
grace,B,base,CG,20,20,43029.54,1.27
grace,B,base,CG,21,21,36383.23,1.5
grace,B,base,CG,22,22,45718.98,1.2
grace,B,base,CG,23,23,48024.89,1.14
grace,B,base,CG,24,24,47150.88,1.16
grace,B,base,CG,25,25,51756.95,1.06
grace,B,base,CG,26,26,43824.96,1.25
grace,B,base,CG,27,27,53855.78,1.02
grace,B,base,CG,28,28,46125.7,1.19
grace,B,base,CG,29,29,56541.45,0.97
grace,B,base,CG,30,30,57153.13,0.96
grace,B,base,CG,31,31,57564.65,0.95
grace,B,base,CG,32,32,60045.02,0.91
grace,B,base,CG,33,33,51853.64,1.06
grace,B,base,CG,34,34,60317.3,0.91
grace,B,base,CG,35,35,66363.15,0.82
grace,B,base,CG,36,36,66667.11,0.82
grace,B,base,CG,37,37,67496.89,0.81
grace,B,base,CG,38,38,67539.28,0.81
grace,B,base,CG,39,39,68685.46,0.8
grace,B,base,CG,40,40,71653.41,0.76
grace,B,base,CG,41,41,72224.98,0.76
grace,B,base,CG,42,42,73876.3,0.74
grace,B,base,CG,43,43,75354.98,0.73
grace,B,base,CG,44,44,78639.05,0.7
grace,B,base,CG,45,45,81303.42,0.67
grace,B,base,CG,46,46,82178.53,0.67
grace,B,base,CG,47,47,80903.99,0.68
grace,B,base,CG,48,48,84153.39,0.65
grace,B,base,CG,49,49,80711.71,0.68
grace,B,base,CG,50,50,86766.22,0.63
grace,B,base,CG,51,51,88626.69,0.62
grace,B,base,CG,52,52,74986.41,0.73
grace,B,base,CG,53,53,87575.22,0.62
grace,B,base,CG,54,54,92227.35,0.59
grace,B,base,CG,55,55,79235.65,0.69
grace,B,base,CG,56,56,91987.12,0.59
grace,B,base,CG,57,57,79027.35,0.69
grace,B,base,CG,58,58,66875.04,0.82
grace,B,base,CG,59,59,95809.69,0.57
grace,B,base,CG,60,60,96112.52,0.57
grace,B,base,CG,61,61,96616.84,0.57
grace,B,base,CG,62,62,97292.23,0.56
grace,B,base,CG,63,63,91350.66,0.6
grace,B,base,CG,64,64,97842.59,0.56
grace,B,base,CG,65,65,98695.79,0.55
grace,B,base,CG,66,66,97155.75,0.56
grace,B,base,CG,67,67,100873.77,0.54
grace,B,base,CG,68,68,97994.08,0.56
grace,B,base,CG,69,69,91648.26,0.6
grace,B,base,CG,70,70,99353.36,0.55
grace,B,base,CG,71,71,91230.09,0.6
grace,B,base,CG,72,72,103094.75,0.53
grace,B,base,EP,1,1,187.11,11.48
grace,B,base,EP,2,2,374.7,5.73
grace,B,base,EP,3,3,562.27,3.82
grace,B,base,EP,4,4,749.33,2.87
grace,B,base,EP,5,5,934.9,2.3
grace,B,base,EP,6,6,1124.04,1.91
grace,B,base,EP,7,7,1313.69,1.63
grace,B,base,EP,8,8,1500.65,1.43
grace,B,base,EP,9,9,1680.59,1.28
grace,B,base,EP,10,10,1870.43,1.15
grace,B,base,EP,11,11,2051.49,1.05
grace,B,base,EP,12,12,2244.61,0.96
grace,B,base,EP,13,13,2439.9,0.88
grace,B,base,EP,14,14,2621.43,0.82
grace,B,base,EP,15,15,2798.86,0.77
grace,B,base,EP,16,16,2986.63,0.72
grace,B,base,EP,17,17,3190.18,0.67
grace,B,base,EP,18,18,3352.47,0.64
grace,B,base,EP,19,19,3551.93,0.6
grace,B,base,EP,20,20,3751.8,0.57
grace,B,base,EP,21,21,3908.75,0.55
grace,B,base,EP,22,22,4117.02,0.52
grace,B,base,EP,23,23,4291.76,0.5
grace,B,base,EP,24,24,4502.08,0.48
grace,B,base,EP,25,25,4686.77,0.46
grace,B,base,EP,26,26,4868.78,0.44
grace,B,base,EP,27,27,5019.54,0.43
grace,B,base,EP,28,28,5223.31,0.41
grace,B,base,EP,29,29,5411.29,0.4
grace,B,base,EP,30,30,5575.69,0.39
grace,B,base,EP,31,31,5820.01,0.37
grace,B,base,EP,32,32,5955.41,0.36
grace,B,base,EP,33,33,6120.28,0.35
grace,B,base,EP,34,34,6375.49,0.34
grace,B,base,EP,35,35,6535.27,0.33
grace,B,base,EP,36,36,6723.19,0.32
grace,B,base,EP,37,37,6913.28,0.31
grace,B,base,EP,38,38,7075.41,0.3
grace,B,base,EP,39,39,7261.29,0.3
grace,B,base,EP,40,40,7527.55,0.29
grace,B,base,EP,41,41,7710.23,0.28
grace,B,base,EP,42,42,7881.74,0.27
grace,B,base,EP,43,43,7973.3,0.27
grace,B,base,EP,44,44,8153.48,0.26
grace,B,base,EP,45,45,8420.19,0.26
grace,B,base,EP,46,46,8509.88,0.25
grace,B,base,EP,47,47,8821.16,0.24
grace,B,base,EP,48,48,8847.42,0.24
grace,B,base,EP,49,49,9073.63,0.24
grace,B,base,EP,50,50,9371.03,0.23
grace,B,base,EP,51,51,9529.43,0.23
grace,B,base,EP,52,52,9698.23,0.22
grace,B,base,EP,53,53,9872.46,0.22
grace,B,base,EP,54,54,10071.09,0.21
grace,B,base,EP,55,55,10272.73,0.21
grace,B,base,EP,56,56,10422.2,0.21
grace,B,base,EP,57,57,10609.66,0.2
grace,B,base,EP,58,58,10795.97,0.2
grace,B,base,EP,59,59,10983.83,0.2
grace,B,base,EP,60,60,11129.4,0.19
grace,B,base,EP,61,61,11315.04,0.19
grace,B,base,EP,62,62,11342.5,0.19
grace,B,base,EP,63,63,11644.34,0.18
grace,B,base,EP,64,64,11835.11,0.18
grace,B,base,EP,65,65,12014.57,0.18
grace,B,base,EP,66,66,12419.82,0.17
grace,B,base,EP,67,67,12597.63,0.17
grace,B,base,EP,68,68,12568.4,0.17
grace,B,base,EP,69,69,12725.95,0.17
grace,B,base,EP,70,70,12884.1,0.17
grace,B,base,EP,71,71,13354.99,0.16
grace,B,base,EP,72,72,13529.66,0.16
grace,B,base,FT,1,1,6452.66,14.27
grace,B,base,FT,2,2,12794.95,7.19
grace,B,base,FT,3,3,19179.47,4.8
grace,B,base,FT,4,4,25178.56,3.66
grace,B,base,FT,5,5,31417.58,2.93
grace,B,base,FT,6,6,37516.16,2.45
grace,B,base,FT,7,7,43642.28,2.11
grace,B,base,FT,8,8,48767.99,1.89
grace,B,base,FT,9,9,54658.47,1.68
grace,B,base,FT,10,10,59868.2,1.54
grace,B,base,FT,11,11,66479.03,1.38
grace,B,base,FT,12,12,71793.83,1.28
grace,B,base,FT,13,13,77166.38,1.19
grace,B,base,FT,14,14,81278.9,1.13
grace,B,base,FT,15,15,86383.38,1.07
grace,B,base,FT,16,16,90865.44,1.01
grace,B,base,FT,17,17,96122.13,0.96
grace,B,base,FT,18,18,102741.73,0.9
grace,B,base,FT,19,19,106343.79,0.87
grace,B,base,FT,20,20,111493.51,0.83
grace,B,base,FT,21,21,114931.84,0.8
grace,B,base,FT,22,22,118781.1,0.77
grace,B,base,FT,23,23,125630.38,0.73
grace,B,base,FT,24,24,128854.75,0.71
grace,B,base,FT,25,25,132093.0,0.7
grace,B,base,FT,26,26,138078.59,0.67
grace,B,base,FT,27,27,139513.69,0.66
grace,B,base,FT,28,28,146143.74,0.63
grace,B,base,FT,29,29,146440.99,0.63
grace,B,base,FT,30,30,151888.29,0.61
grace,B,base,FT,31,31,152469.57,0.6
grace,B,base,FT,32,32,154627.25,0.6
grace,B,base,FT,33,33,163076.22,0.56
grace,B,base,FT,34,34,164608.84,0.56
grace,B,base,FT,35,35,168921.87,0.54
grace,B,base,FT,36,36,169479.81,0.54
grace,B,base,FT,37,37,171548.51,0.54
grace,B,base,FT,38,38,176489.53,0.52
grace,B,base,FT,39,39,177081.12,0.52
grace,B,base,FT,40,40,181987.51,0.51
grace,B,base,FT,41,41,184178.05,0.5
grace,B,base,FT,42,42,184028.75,0.5
grace,B,base,FT,43,43,185449.76,0.5
grace,B,base,FT,44,44,191550.18,0.48
grace,B,base,FT,45,45,193728.01,0.48
grace,B,base,FT,46,46,192487.53,0.48
grace,B,base,FT,47,47,195932.9,0.47
grace,B,base,FT,48,48,195962.0,0.47
grace,B,base,FT,49,49,195601.89,0.47
grace,B,base,FT,50,50,199476.66,0.46
grace,B,base,FT,51,51,203408.62,0.45
grace,B,base,FT,52,52,198544.95,0.46
grace,B,base,FT,53,53,202725.09,0.45
grace,B,base,FT,54,54,211869.9,0.43
grace,B,base,FT,55,55,208087.31,0.44
grace,B,base,FT,56,56,209872.49,0.44
grace,B,base,FT,57,57,213871.83,0.43
grace,B,base,FT,58,58,212336.38,0.43
grace,B,base,FT,59,59,210421.55,0.44
grace,B,base,FT,60,60,221898.28,0.41
grace,B,base,FT,61,61,216253.66,0.43
grace,B,base,FT,62,62,221406.49,0.42
grace,B,base,FT,63,63,213270.93,0.43
grace,B,base,FT,64,64,221187.87,0.42
grace,B,base,FT,65,65,223012.65,0.41
grace,B,base,FT,66,66,222598.07,0.41
grace,B,base,FT,67,67,223281.86,0.41
grace,B,base,FT,68,68,224604.21,0.41
grace,B,base,FT,69,69,230944.34,0.4
grace,B,base,FT,70,70,226063.87,0.41
grace,B,base,FT,71,71,232696.14,0.4
grace,B,base,FT,72,72,234372.29,0.39
grace,B,base,IS,1,1,421.83,0.8
grace,B,base,IS,2,2,827.82,0.41
grace,B,base,IS,3,3,1243.5,0.27
grace,B,base,IS,4,4,1665.6,0.2
grace,B,base,IS,5,5,2034.56,0.16
grace,B,base,IS,6,6,2475.15,0.14
grace,B,base,IS,7,7,2860.38,0.12
grace,B,base,IS,8,8,3248.7,0.1
grace,B,base,IS,9,9,3614.92,0.09
grace,B,base,IS,10,10,4016.23,0.08
grace,B,base,IS,11,11,4362.4,0.08
grace,B,base,IS,12,12,4707.72,0.07
grace,B,base,IS,13,13,5341.16,0.06
grace,B,base,IS,14,14,5484.04,0.06
grace,B,base,IS,15,15,6107.51,0.05
grace,B,base,IS,16,16,6507.73,0.05
grace,B,base,IS,17,17,6854.06,0.05
grace,B,base,IS,18,18,7242.33,0.05
grace,B,base,IS,19,19,7601.51,0.04
grace,B,base,IS,20,20,7456.02,0.05
grace,B,base,IS,21,21,7819.08,0.04
grace,B,base,IS,22,22,8693.21,0.04
grace,B,base,IS,23,23,8370.74,0.04
grace,B,base,IS,24,24,9409.7,0.04
grace,B,base,IS,25,25,8893.47,0.04
grace,B,base,IS,26,26,10088.51,0.03
grace,B,base,IS,27,27,10428.17,0.03
grace,B,base,IS,28,28,9708.07,0.03
grace,B,base,IS,29,29,10982.83,0.03
grace,B,base,IS,30,30,11276.13,0.03
grace,B,base,IS,31,31,11595.6,0.03
grace,B,base,IS,32,32,10654.34,0.03
grace,B,base,IS,33,33,10933.59,0.03
grace,B,base,IS,34,34,12307.04,0.03
grace,B,base,IS,35,35,12598.14,0.03
grace,B,base,IS,36,36,12928.9,0.03
grace,B,base,IS,37,37,13133.04,0.03
grace,B,base,IS,38,38,13308.58,0.03
grace,B,base,IS,39,39,13570.21,0.02
grace,B,base,IS,40,40,13712.8,0.02
grace,B,base,IS,41,41,13926.22,0.02
grace,B,base,IS,42,42,14278.2,0.02
grace,B,base,IS,43,43,14529.61,0.02
grace,B,base,IS,44,44,14685.81,0.02
grace,B,base,IS,45,45,14988.24,0.02
grace,B,base,IS,46,46,14985.16,0.02
grace,B,base,IS,47,47,13676.23,0.02
grace,B,base,IS,48,48,13872.68,0.02
grace,B,base,IS,49,49,15881.44,0.02
grace,B,base,IS,50,50,16020.88,0.02
grace,B,base,IS,51,51,16239.77,0.02
grace,B,base,IS,52,52,16352.74,0.02
grace,B,base,IS,53,53,16597.05,0.02
grace,B,base,IS,54,54,14627.69,0.02
grace,B,base,IS,55,55,17076.94,0.02
grace,B,base,IS,56,56,17340.58,0.02
grace,B,base,IS,57,57,17460.44,0.02
grace,B,base,IS,58,58,15386.23,0.02
grace,B,base,IS,59,59,17995.69,0.02
grace,B,base,IS,60,60,18131.45,0.02
grace,B,base,IS,61,61,18264.79,0.02
grace,B,base,IS,62,62,18411.5,0.02
grace,B,base,IS,63,63,18701.88,0.02
grace,B,base,IS,64,64,18848.37,0.02
grace,B,base,IS,65,65,18828.91,0.02
grace,B,base,IS,66,66,19178.06,0.02
grace,B,base,IS,67,67,19376.37,0.02
grace,B,base,IS,68,68,19417.56,0.02
grace,B,base,IS,69,69,19636.05,0.02
grace,B,base,IS,70,70,16612.93,0.02
grace,B,base,IS,71,71,20024.1,0.02
grace,B,base,IS,72,72,20179.31,0.02
grace,B,base,LU,1,1,9680.41,51.53
grace,B,base,LU,2,2,18948.98,26.32
grace,B,base,LU,3,3,27695.01,18.01
grace,B,base,LU,4,4,37114.01,13.44
grace,B,base,LU,5,5,45777.11,10.9
grace,B,base,LU,6,6,54250.04,9.19
grace,B,base,LU,7,7,61394.82,8.12
grace,B,base,LU,8,8,70237.67,7.1
grace,B,base,LU,9,9,76220.36,6.54
grace,B,base,LU,10,10,89013.17,5.6
grace,B,base,LU,11,11,90736.09,5.5
grace,B,base,LU,12,12,100000.47,4.99
grace,B,base,LU,13,13,110301.94,4.52
grace,B,base,LU,14,14,112188.1,4.45
grace,B,base,LU,15,15,124408.8,4.01
grace,B,base,LU,16,16,126236.29,3.95
grace,B,base,LU,17,17,141134.22,3.53
grace,B,base,LU,18,18,143408.18,3.48
grace,B,base,LU,19,19,145392.85,3.43
grace,B,base,LU,20,20,163678.44,3.05
grace,B,base,LU,21,21,165951.99,3.01
grace,B,base,LU,22,22,168529.47,2.96
grace,B,base,LU,23,23,170113.32,2.93
grace,B,base,LU,24,24,172124.7,2.9
grace,B,base,LU,25,25,196890.6,2.53
grace,B,base,LU,26,26,198696.43,2.51
grace,B,base,LU,27,27,200508.8,2.49
grace,B,base,LU,28,28,202189.3,2.47
grace,B,base,LU,29,29,203102.71,2.46
grace,B,base,LU,30,30,205852.71,2.42
grace,B,base,LU,31,31,207748.26,2.4
grace,B,base,LU,32,32,209240.46,2.38
grace,B,base,LU,33,33,210701.8,2.37
grace,B,base,LU,34,34,245508.33,2.03
grace,B,base,LU,35,35,247027.44,2.02
grace,B,base,LU,36,36,249400.05,2.0
grace,B,base,LU,37,37,250307.54,1.99
grace,B,base,LU,38,38,252264.39,1.98
grace,B,base,LU,39,39,253747.32,1.97
grace,B,base,LU,40,40,254760.45,1.96
grace,B,base,LU,41,41,256358.04,1.95
grace,B,base,LU,42,42,257018.23,1.94
grace,B,base,LU,43,43,259654.67,1.92
grace,B,base,LU,44,44,261824.15,1.91
grace,B,base,LU,45,45,262769.57,1.9
grace,B,base,LU,46,46,262680.85,1.9
grace,B,base,LU,47,47,266075.6,1.87
grace,B,base,LU,48,48,267368.45,1.87
grace,B,base,LU,49,49,269235.31,1.85
grace,B,base,LU,50,50,316989.65,1.57
grace,B,base,LU,51,51,320475.11,1.56
grace,B,base,LU,52,52,322565.09,1.55
grace,B,base,LU,53,53,323373.8,1.54
grace,B,base,LU,54,54,322885.35,1.54
grace,B,base,LU,55,55,326898.81,1.53
grace,B,base,LU,56,56,328772.75,1.52
grace,B,base,LU,57,57,329598.91,1.51
grace,B,base,LU,58,58,331770.52,1.5
grace,B,base,LU,59,59,332684.99,1.5
grace,B,base,LU,60,60,333655.32,1.5
grace,B,base,LU,61,61,334942.35,1.49
grace,B,base,LU,62,62,336591.44,1.48
grace,B,base,LU,63,63,336673.53,1.48
grace,B,base,LU,64,64,339050.59,1.47
grace,B,base,LU,65,65,337436.66,1.48
grace,B,base,LU,66,66,341010.96,1.46
grace,B,base,LU,67,67,342232.03,1.46
grace,B,base,LU,68,68,344543.91,1.45
grace,B,base,LU,69,69,344324.03,1.45
grace,B,base,LU,70,70,345395.39,1.44
grace,B,base,LU,71,71,344840.62,1.45
grace,B,base,LU,72,72,346605.38,1.44
grace,B,base,MG,1,1,8770.82,2.22
grace,B,base,MG,2,2,17502.6,1.11
grace,B,base,MG,3,3,25527.85,0.76
grace,B,base,MG,4,4,33397.84,0.58
grace,B,base,MG,5,5,41090.7,0.47
grace,B,base,MG,6,6,48304.42,0.4
grace,B,base,MG,7,7,54768.55,0.36
grace,B,base,MG,8,8,61917.92,0.31
grace,B,base,MG,9,9,67898.59,0.29
grace,B,base,MG,10,10,74827.35,0.26
grace,B,base,MG,11,11,80343.88,0.24
grace,B,base,MG,12,12,85656.13,0.23
grace,B,base,MG,13,13,90908.65,0.21
grace,B,base,MG,14,14,95409.71,0.2
grace,B,base,MG,15,15,98921.12,0.2
grace,B,base,MG,16,16,102319.62,0.19
grace,B,base,MG,17,17,106099.22,0.18
grace,B,base,MG,18,18,109326.61,0.18
grace,B,base,MG,19,19,112600.78,0.17
grace,B,base,MG,20,20,115320.09,0.17
grace,B,base,MG,21,21,118511.84,0.16
grace,B,base,MG,22,22,120626.22,0.16
grace,B,base,MG,23,23,125584.23,0.15
grace,B,base,MG,24,24,128323.45,0.15
grace,B,base,MG,25,25,127847.65,0.15
grace,B,base,MG,26,26,129778.23,0.15
grace,B,base,MG,27,27,134776.74,0.14
grace,B,base,MG,28,28,136821.35,0.14
grace,B,base,MG,29,29,136696.4,0.14
grace,B,base,MG,30,30,140154.15,0.14
grace,B,base,MG,31,31,142467.51,0.14
grace,B,base,MG,32,32,140564.69,0.14
grace,B,base,MG,33,33,146382.19,0.13
grace,B,base,MG,34,34,141523.27,0.14
grace,B,base,MG,35,35,148598.69,0.13
grace,B,base,MG,36,36,148837.31,0.13
grace,B,base,MG,37,37,149484.48,0.13
grace,B,base,MG,38,38,151282.44,0.13
grace,B,base,MG,39,39,149081.46,0.13
grace,B,base,MG,40,40,153099.32,0.13
grace,B,base,MG,41,41,148888.65,0.13
grace,B,base,MG,42,42,153151.83,0.13
grace,B,base,MG,43,43,148341.14,0.13
grace,B,base,MG,44,44,152742.43,0.13
grace,B,base,MG,45,45,148730.05,0.13
grace,B,base,MG,46,46,152698.72,0.13
grace,B,base,MG,47,47,152778.77,0.13
grace,B,base,MG,48,48,152945.67,0.13
grace,B,base,MG,49,49,152204.04,0.13
grace,B,base,MG,50,50,153448.2,0.13
grace,B,base,MG,51,51,151755.91,0.13
grace,B,base,MG,52,52,152138.33,0.13
grace,B,base,MG,53,53,151862.84,0.13
grace,B,base,MG,54,54,148382.65,0.13
grace,B,base,MG,55,55,151952.61,0.13
grace,B,base,MG,56,56,147500.03,0.13
grace,B,base,MG,57,57,151907.68,0.13
grace,B,base,MG,58,58,150991.97,0.13
grace,B,base,MG,59,59,148778.26,0.13
grace,B,base,MG,60,60,148920.84,0.13
grace,B,base,MG,61,61,144582.9,0.13
grace,B,base,MG,62,62,147100.08,0.13
grace,B,base,MG,63,63,146541.89,0.13
grace,B,base,MG,64,64,147431.99,0.13
grace,B,base,MG,65,65,147080.41,0.13
grace,B,base,MG,66,66,143108.13,0.14
grace,B,base,MG,67,67,146663.24,0.13
grace,B,base,MG,68,68,145713.53,0.13
grace,B,base,MG,69,69,141817.93,0.14
grace,B,base,MG,70,70,145418.44,0.13
grace,B,base,MG,71,71,144785.77,0.13
grace,B,base,MG,72,72,144414.82,0.13
grace,B,base,SP,1,1,7109.0,49.94
grace,B,base,SP,2,2,14071.91,25.23
grace,B,base,SP,3,3,21028.57,16.88
grace,B,base,SP,4,4,27836.54,12.75
grace,B,base,SP,5,5,34690.44,10.23
grace,B,base,SP,6,6,41299.15,8.6
grace,B,base,SP,7,7,47993.19,7.4
grace,B,base,SP,8,8,54406.4,6.53
grace,B,base,SP,9,9,60966.33,5.82
grace,B,base,SP,10,10,67676.32,5.25
grace,B,base,SP,11,11,73541.96,4.83
grace,B,base,SP,12,12,79990.69,4.44
grace,B,base,SP,13,13,86407.24,4.11
grace,B,base,SP,14,14,92566.0,3.84
grace,B,base,SP,15,15,98419.47,3.61
grace,B,base,SP,16,16,104694.46,3.39
grace,B,base,SP,17,17,110147.74,3.22
grace,B,base,SP,18,18,116292.48,3.05
grace,B,base,SP,19,19,122136.99,2.91
grace,B,base,SP,20,20,128357.42,2.77
grace,B,base,SP,21,21,133093.24,2.67
grace,B,base,SP,22,22,138390.64,2.57
grace,B,base,SP,23,23,143924.54,2.47
grace,B,base,SP,24,24,149485.47,2.37
grace,B,base,SP,25,25,155267.45,2.29
grace,B,base,SP,26,26,162101.86,2.19
grace,B,base,SP,27,27,165726.69,2.14
grace,B,base,SP,28,28,171884.0,2.07
grace,B,base,SP,29,29,174355.71,2.04
grace,B,base,SP,30,30,181364.9,1.96
grace,B,base,SP,31,31,186431.86,1.9
grace,B,base,SP,32,32,190771.49,1.86
grace,B,base,SP,33,33,197298.73,1.8
grace,B,base,SP,34,34,202384.95,1.75
grace,B,base,SP,35,35,207895.37,1.71
grace,B,base,SP,36,36,212065.82,1.67
grace,B,base,SP,37,37,216879.1,1.64
grace,B,base,SP,38,38,220973.33,1.61
grace,B,base,SP,39,39,227030.99,1.56
grace,B,base,SP,40,40,232057.53,1.53
grace,B,base,SP,41,41,239374.16,1.48
grace,B,base,SP,42,42,241514.24,1.47
grace,B,base,SP,43,43,246618.38,1.44
grace,B,base,SP,44,44,249155.41,1.42
grace,B,base,SP,45,45,255299.99,1.39
grace,B,base,SP,46,46,258785.87,1.37
grace,B,base,SP,47,47,264553.23,1.34
grace,B,base,SP,48,48,266264.98,1.33
grace,B,base,SP,49,49,269255.88,1.32
grace,B,base,SP,50,50,277979.61,1.28
grace,B,base,SP,51,51,281980.95,1.26
grace,B,base,SP,52,52,284448.58,1.25
grace,B,base,SP,53,53,292209.29,1.21
grace,B,base,SP,54,54,295647.29,1.2
grace,B,base,SP,55,55,303092.53,1.17
grace,B,base,SP,56,56,307897.85,1.15
grace,B,base,SP,57,57,314405.57,1.13
grace,B,base,SP,58,58,317235.13,1.12
grace,B,base,SP,59,59,321386.76,1.1
grace,B,base,SP,60,60,328072.97,1.08
grace,B,base,SP,61,61,332097.79,1.07
grace,B,base,SP,62,62,334974.26,1.06
grace,B,base,SP,63,63,339273.67,1.05
grace,B,base,SP,64,64,346516.76,1.02
grace,B,base,SP,65,65,353060.7,1.01
grace,B,base,SP,66,66,357375.3,0.99
grace,B,base,SP,67,67,357982.98,0.99
grace,B,base,SP,68,68,359561.7,0.99
grace,B,base,SP,69,69,368638.02,0.96
grace,B,base,SP,70,70,369510.31,0.96
grace,B,base,SP,71,71,375385.66,0.95
grace,B,base,SP,72,72,381247.89,0.93
grace,B,base,UA,1,1,30.18,73.19
grace,B,base,UA,2,2,59.35,37.21
grace,B,base,UA,3,3,86.41,25.56
grace,B,base,UA,4,4,111.63,19.79
grace,B,base,UA,5,5,136.05,16.24
grace,B,base,UA,6,6,156.84,14.08
grace,B,base,UA,7,7,180.53,12.24
grace,B,base,UA,8,8,200.46,11.02
grace,B,base,UA,9,9,221.36,9.98
grace,B,base,UA,10,10,240.5,9.18
grace,B,base,UA,11,11,259.84,8.5
grace,B,base,UA,12,12,276.87,7.98
grace,B,base,UA,13,13,296.64,7.45
grace,B,base,UA,14,14,314.66,7.02
grace,B,base,UA,15,15,333.94,6.61
grace,B,base,UA,16,16,350.63,6.3
grace,B,base,UA,17,17,367.2,6.02
grace,B,base,UA,18,18,384.69,5.74
grace,B,base,UA,19,19,396.36,5.57
grace,B,base,UA,20,20,415.39,5.32
grace,B,base,UA,21,21,431.47,5.12
grace,B,base,UA,22,22,447.08,4.94
grace,B,base,UA,23,23,458.37,4.82
grace,B,base,UA,24,24,475.83,4.64
grace,B,base,UA,25,25,492.16,4.49
grace,B,base,UA,26,26,506.69,4.36
grace,B,base,UA,27,27,521.85,4.23
grace,B,base,UA,28,28,534.6,4.13
grace,B,base,UA,29,29,549.86,4.02
grace,B,base,UA,30,30,558.92,3.95
grace,B,base,UA,31,31,574.05,3.85
grace,B,base,UA,32,32,594.12,3.72
grace,B,base,UA,33,33,601.48,3.67
grace,B,base,UA,34,34,611.43,3.61
grace,B,base,UA,35,35,623.48,3.54
grace,B,base,UA,36,36,638.69,3.46
grace,B,base,UA,37,37,653.36,3.38
grace,B,base,UA,38,38,662.99,3.33
grace,B,base,UA,39,39,674.94,3.27
grace,B,base,UA,40,40,686.74,3.22
grace,B,base,UA,41,41,693.73,3.18
grace,B,base,UA,42,42,706.32,3.13
grace,B,base,UA,43,43,721.15,3.06
grace,B,base,UA,44,44,729.25,3.03
grace,B,base,UA,45,45,743.38,2.97
grace,B,base,UA,46,46,746.58,2.96
grace,B,base,UA,47,47,761.02,2.9
grace,B,base,UA,48,48,760.71,2.9
grace,B,base,UA,49,49,771.88,2.86
grace,B,base,UA,50,50,784.71,2.81
grace,B,base,UA,51,51,794.11,2.78
grace,B,base,UA,52,52,804.48,2.75
grace,B,base,UA,53,53,808.56,2.73
grace,B,base,UA,54,54,818.71,2.7
grace,B,base,UA,55,55,834.05,2.65
grace,B,base,UA,56,56,832.36,2.65
grace,B,base,UA,57,57,832.0,2.65
grace,B,base,UA,58,58,848.64,2.6
grace,B,base,UA,59,59,859.09,2.57
grace,B,base,UA,60,60,860.9,2.57
grace,B,base,UA,61,61,869.72,2.54
grace,B,base,UA,62,62,862.97,2.56
grace,B,base,UA,63,63,876.91,2.52
grace,B,base,UA,64,64,891.49,2.48
grace,B,base,UA,65,65,895.55,2.47
grace,B,base,UA,66,66,895.34,2.47
grace,B,base,UA,67,67,897.44,2.46
grace,B,base,UA,68,68,901.46,2.45
grace,B,base,UA,69,69,911.86,2.42
grace,B,base,UA,70,70,916.88,2.41
grace,B,base,UA,71,71,913.59,2.42
grace,B,base,UA,72,72,916.64,2.41
vera,B,base,BT,1,1,9347.56,75.12
vera,B,base,BT,2,2,18811.15,37.33
vera,B,base,BT,3,3,28532.27,24.61
vera,B,base,BT,4,4,38047.93,18.46
vera,B,base,BT,5,5,47956.98,14.64
vera,B,base,BT,6,6,57409.98,12.23
vera,B,base,BT,7,7,67258.41,10.44
vera,B,base,BT,8,8,76767.51,9.15
vera,B,base,BT,9,9,86865.34,8.08
vera,B,base,BT,10,10,96150.72,7.3
vera,B,base,BT,11,11,105475.04,6.66
vera,B,base,BT,12,12,114575.64,6.13
vera,B,base,BT,13,13,125399.47,5.6
vera,B,base,BT,14,14,135052.64,5.2
vera,B,base,BT,15,15,144194.71,4.87
vera,B,base,BT,16,16,154276.84,4.55
vera,B,base,BT,17,17,162504.9,4.32
vera,B,base,BT,18,18,173367.94,4.05
vera,B,base,BT,19,19,182881.03,3.84
vera,B,base,BT,20,20,191092.3,3.67
vera,B,base,BT,21,21,200341.89,3.5
vera,B,base,BT,22,22,211165.0,3.33
vera,B,base,BT,23,23,220639.67,3.18
vera,B,base,BT,24,24,230220.77,3.05
vera,B,base,BT,25,25,238235.06,2.95
vera,B,base,BT,26,26,247552.76,2.84
vera,B,base,BT,27,27,257354.08,2.73
vera,B,base,BT,28,28,266881.29,2.63
vera,B,base,BT,29,29,276918.63,2.54
vera,B,base,BT,30,30,285377.99,2.46
vera,B,base,BT,31,31,296300.49,2.37
vera,B,base,BT,32,32,304700.32,2.3
vera,B,base,BT,33,33,312991.84,2.24
vera,B,base,BT,34,34,318877.66,2.2
vera,B,base,BT,35,35,329700.52,2.13
vera,B,base,BT,36,36,339554.82,2.07
vera,B,base,BT,37,37,349418.5,2.01
vera,B,base,BT,38,38,358767.98,1.96
vera,B,base,BT,39,39,369297.19,1.9
vera,B,base,BT,40,40,378137.39,1.86
vera,B,base,BT,41,41,388144.03,1.81
vera,B,base,BT,42,42,397434.82,1.77
vera,B,base,BT,43,43,405975.35,1.73
vera,B,base,BT,44,44,415163.49,1.69
vera,B,base,BT,45,45,424084.21,1.66
vera,B,base,BT,46,46,432490.77,1.62
vera,B,base,BT,47,47,441761.09,1.59
vera,B,base,BT,48,48,451262.44,1.56
vera,B,base,BT,49,49,459158.71,1.53
vera,B,base,BT,50,50,463499.85,1.51
vera,B,base,BT,51,51,475174.39,1.48
vera,B,base,BT,52,52,482814.12,1.45
vera,B,base,BT,53,53,493115.09,1.42
vera,B,base,BT,54,54,502273.59,1.4
vera,B,base,BT,55,55,512553.13,1.37
vera,B,base,BT,56,56,520096.85,1.35
vera,B,base,BT,57,57,529405.29,1.33
vera,B,base,BT,58,58,538688.38,1.3
vera,B,base,BT,59,59,546941.35,1.28
vera,B,base,BT,60,60,555770.13,1.26
vera,B,base,BT,61,61,565010.13,1.24
vera,B,base,BT,62,62,572821.34,1.23
vera,B,base,BT,63,63,580913.94,1.21
vera,B,base,BT,64,64,588673.3,1.19
vera,B,base,BT,65,65,596321.86,1.18
vera,B,base,BT,66,66,605180.92,1.16
vera,B,base,BT,67,67,610109.44,1.15
vera,B,base,BT,68,68,619263.85,1.13
vera,B,base,BT,69,69,629738.04,1.12
vera,B,base,BT,70,70,636856.62,1.1
vera,B,base,BT,71,71,645544.01,1.09
vera,B,base,BT,72,72,653591.18,1.07
vera,B,base,BT,73,73,660140.27,1.06
vera,B,base,BT,74,74,663878.3,1.06
vera,B,base,BT,75,75,675486.7,1.04
vera,B,base,BT,76,76,681137.56,1.03
vera,B,base,BT,77,77,691172.98,1.02
vera,B,base,BT,78,78,696021.78,1.01
vera,B,base,BT,79,79,703302.82,1.0
vera,B,base,BT,80,80,709268.41,0.99
vera,B,base,BT,81,81,718306.73,0.98
vera,B,base,BT,82,82,726868.46,0.97
vera,B,base,BT,83,83,732712.6,0.96
vera,B,base,BT,84,84,738511.97,0.95
vera,B,base,BT,85,85,746975.35,0.94
vera,B,base,BT,86,86,752637.0,0.93
vera,B,base,BT,87,87,761071.64,0.92
vera,B,base,BT,88,88,741141.7,0.95
vera,B,base,CG,1,1,3567.82,15.33
vera,B,base,CG,2,2,6933.85,7.89
vera,B,base,CG,3,3,10543.23,5.19
vera,B,base,CG,4,4,13968.83,3.92
vera,B,base,CG,5,5,17517.17,3.12
vera,B,base,CG,6,6,20556.53,2.66
vera,B,base,CG,7,7,24090.0,2.27
vera,B,base,CG,8,8,27477.78,1.99
vera,B,base,CG,9,9,30804.53,1.78
vera,B,base,CG,10,10,34112.51,1.6
vera,B,base,CG,11,11,36432.95,1.5
vera,B,base,CG,12,12,40885.78,1.34
vera,B,base,CG,13,13,43996.61,1.24
vera,B,base,CG,14,14,47395.42,1.15
vera,B,base,CG,15,15,50302.64,1.09
vera,B,base,CG,16,16,54033.84,1.01
vera,B,base,CG,17,17,56336.46,0.97
vera,B,base,CG,18,18,59975.89,0.91
vera,B,base,CG,19,19,62428.8,0.88
vera,B,base,CG,20,20,65939.22,0.83
vera,B,base,CG,21,21,67611.98,0.81
vera,B,base,CG,22,22,72313.76,0.76
vera,B,base,CG,23,23,74949.37,0.73
vera,B,base,CG,24,24,77865.24,0.7
vera,B,base,CG,25,25,81038.18,0.68
vera,B,base,CG,26,26,81591.74,0.67
vera,B,base,CG,27,27,86779.89,0.63
vera,B,base,CG,28,28,89662.84,0.61
vera,B,base,CG,29,29,90629.12,0.6
vera,B,base,CG,30,30,93181.23,0.59
vera,B,base,CG,31,31,97063.63,0.56
vera,B,base,CG,32,32,98417.09,0.56
vera,B,base,CG,33,33,97124.89,0.56
vera,B,base,CG,34,34,102907.07,0.53
vera,B,base,CG,35,35,106661.84,0.51
vera,B,base,CG,36,36,109317.28,0.5
vera,B,base,CG,37,37,112971.28,0.48
vera,B,base,CG,38,38,113363.13,0.48
vera,B,base,CG,39,39,114002.03,0.48
vera,B,base,CG,40,40,119125.98,0.46
vera,B,base,CG,41,41,116889.1,0.47
vera,B,base,CG,42,42,122273.84,0.45
vera,B,base,CG,43,43,122527.73,0.45
vera,B,base,CG,44,44,126207.6,0.43
vera,B,base,CG,45,45,128168.99,0.43
vera,B,base,CG,46,46,128843.58,0.42
vera,B,base,CG,47,47,126711.23,0.43
vera,B,base,CG,48,48,133959.71,0.41
vera,B,base,CG,49,49,134541.78,0.41
vera,B,base,CG,50,50,138460.2,0.4
vera,B,base,CG,51,51,139601.56,0.39
vera,B,base,CG,52,52,141940.37,0.39
vera,B,base,CG,53,53,143829.22,0.38
vera,B,base,CG,54,54,145528.1,0.38
vera,B,base,CG,55,55,147138.15,0.37
vera,B,base,CG,56,56,149868.49,0.37
vera,B,base,CG,57,57,149485.78,0.37
vera,B,base,CG,58,58,152678.06,0.36
vera,B,base,CG,59,59,155110.3,0.35
vera,B,base,CG,60,60,154230.07,0.35
vera,B,base,CG,61,61,154752.09,0.35
vera,B,base,CG,62,62,155774.13,0.35
vera,B,base,CG,63,63,160484.14,0.34
vera,B,base,CG,64,64,162213.72,0.34
vera,B,base,CG,65,65,158155.61,0.35
vera,B,base,CG,66,66,163844.21,0.33
vera,B,base,CG,67,67,164058.97,0.33
vera,B,base,CG,68,68,168292.19,0.33
vera,B,base,CG,69,69,167215.79,0.33
vera,B,base,CG,70,70,160145.27,0.34
vera,B,base,CG,71,71,159831.44,0.34
vera,B,base,CG,72,72,168320.41,0.33
vera,B,base,CG,73,73,171304.76,0.32
vera,B,base,CG,74,74,175012.96,0.31
vera,B,base,CG,75,75,171451.51,0.32
vera,B,base,CG,76,76,175055.04,0.31
vera,B,base,CG,77,77,173711.69,0.31
vera,B,base,CG,78,78,176005.83,0.31
vera,B,base,CG,79,79,174574.66,0.31
vera,B,base,CG,80,80,172942.0,0.32
vera,B,base,CG,81,81,177411.19,0.31
vera,B,base,CG,82,82,174264.12,0.31
vera,B,base,CG,83,83,176132.04,0.31
vera,B,base,CG,84,84,177986.47,0.31
vera,B,base,CG,85,85,178479.76,0.31
vera,B,base,CG,86,86,180304.51,0.3
vera,B,base,CG,87,87,180798.79,0.3
vera,B,base,CG,88,88,183085.21,0.3
vera,B,base,EP,1,1,234.78,9.15
vera,B,base,EP,2,2,469.53,4.57
vera,B,base,EP,3,3,705.23,3.05
vera,B,base,EP,4,4,939.14,2.29
vera,B,base,EP,5,5,1173.7,1.83
vera,B,base,EP,6,6,1410.45,1.52
vera,B,base,EP,7,7,1644.55,1.31
vera,B,base,EP,8,8,1879.18,1.14
vera,B,base,EP,9,9,2113.79,1.02
vera,B,base,EP,10,10,2348.25,0.91
vera,B,base,EP,11,11,2582.75,0.83
vera,B,base,EP,12,12,2821.11,0.76
vera,B,base,EP,13,13,3050.27,0.7
vera,B,base,EP,14,14,3288.15,0.65
vera,B,base,EP,15,15,3509.22,0.61
vera,B,base,EP,16,16,3747.33,0.57
vera,B,base,EP,17,17,3983.0,0.54
vera,B,base,EP,18,18,4216.95,0.51
vera,B,base,EP,19,19,4441.9,0.48
vera,B,base,EP,20,20,4679.59,0.46
vera,B,base,EP,21,21,4914.64,0.44
vera,B,base,EP,22,22,5143.15,0.42
vera,B,base,EP,23,23,5378.9,0.4
vera,B,base,EP,24,24,5622.71,0.38
vera,B,base,EP,25,25,5848.16,0.37
vera,B,base,EP,26,26,6078.9,0.35
vera,B,base,EP,27,27,6314.91,0.34
vera,B,base,EP,28,28,6546.1,0.33
vera,B,base,EP,29,29,6781.12,0.32
vera,B,base,EP,30,30,7011.97,0.31
vera,B,base,EP,31,31,7226.58,0.3
vera,B,base,EP,32,32,7485.45,0.29
vera,B,base,EP,33,33,7710.14,0.28
vera,B,base,EP,34,34,7938.85,0.27
vera,B,base,EP,35,35,8176.89,0.26
vera,B,base,EP,36,36,8409.9,0.26
vera,B,base,EP,37,37,8641.23,0.25
vera,B,base,EP,38,38,8886.66,0.24
vera,B,base,EP,39,39,9115.1,0.24
vera,B,base,EP,40,40,9340.08,0.23
vera,B,base,EP,41,41,9572.06,0.22
vera,B,base,EP,42,42,9809.86,0.22
vera,B,base,EP,43,43,10027.93,0.21
vera,B,base,EP,44,44,10240.96,0.21
vera,B,base,EP,45,45,10488.86,0.2
vera,B,base,EP,46,46,10724.06,0.2
vera,B,base,EP,47,47,10948.21,0.2
vera,B,base,EP,48,48,11180.44,0.19
vera,B,base,EP,49,49,11417.07,0.19
vera,B,base,EP,50,50,11637.07,0.18
vera,B,base,EP,51,51,11885.03,0.18
vera,B,base,EP,52,52,12110.6,0.18
vera,B,base,EP,53,53,12360.62,0.17
vera,B,base,EP,54,54,12557.47,0.17
vera,B,base,EP,55,55,12796.7,0.17
vera,B,base,EP,56,56,13048.08,0.16
vera,B,base,EP,57,57,13272.6,0.16
vera,B,base,EP,58,58,13513.34,0.16
vera,B,base,EP,59,59,13705.67,0.16
vera,B,base,EP,60,60,13981.75,0.15
vera,B,base,EP,61,61,14181.28,0.15
vera,B,base,EP,62,62,14447.34,0.15
vera,B,base,EP,63,63,14651.78,0.15
vera,B,base,EP,64,64,14869.3,0.14
vera,B,base,EP,65,65,15140.61,0.14
vera,B,base,EP,66,66,15360.92,0.14
vera,B,base,EP,67,67,15570.0,0.14
vera,B,base,EP,68,68,15785.62,0.14
vera,B,base,EP,69,69,16038.14,0.13
vera,B,base,EP,70,70,16263.06,0.13
vera,B,base,EP,71,71,16490.24,0.13
vera,B,base,EP,72,72,16721.34,0.13
vera,B,base,EP,73,73,16964.04,0.13
vera,B,base,EP,74,74,17176.93,0.13
vera,B,base,EP,75,75,17415.02,0.12
vera,B,base,EP,76,76,17623.77,0.12
vera,B,base,EP,77,77,17856.73,0.12
vera,B,base,EP,78,78,18086.22,0.12
vera,B,base,EP,79,79,18293.53,0.12
vera,B,base,EP,80,80,18551.73,0.12
vera,B,base,EP,81,81,18760.49,0.11
vera,B,base,EP,82,82,18962.86,0.11
vera,B,base,EP,83,83,19229.95,0.11
vera,B,base,EP,84,84,19459.22,0.11
vera,B,base,EP,85,85,19645.1,0.11
vera,B,base,EP,86,86,19923.03,0.11
vera,B,base,EP,87,87,20158.71,0.11
vera,B,base,EP,88,88,20369.1,0.11
vera,B,base,FT,1,1,7498.71,12.28
vera,B,base,FT,2,2,15082.17,6.1
vera,B,base,FT,3,3,22671.76,4.06
vera,B,base,FT,4,4,30253.23,3.04
vera,B,base,FT,5,5,37755.3,2.44
vera,B,base,FT,6,6,45342.43,2.03
vera,B,base,FT,7,7,52647.87,1.75
vera,B,base,FT,8,8,60063.46,1.53
vera,B,base,FT,9,9,67420.0,1.37
vera,B,base,FT,10,10,74611.68,1.23
vera,B,base,FT,11,11,81662.24,1.13
vera,B,base,FT,12,12,89004.43,1.03
vera,B,base,FT,13,13,95908.17,0.96
vera,B,base,FT,14,14,102881.0,0.89
vera,B,base,FT,15,15,109927.56,0.84
vera,B,base,FT,16,16,117202.57,0.79
vera,B,base,FT,17,17,123953.0,0.74
vera,B,base,FT,18,18,130690.15,0.7
vera,B,base,FT,19,19,137530.01,0.67
vera,B,base,FT,20,20,144375.97,0.64
vera,B,base,FT,21,21,150593.39,0.61
vera,B,base,FT,22,22,157094.23,0.59
vera,B,base,FT,23,23,163513.08,0.56
vera,B,base,FT,24,24,170554.91,0.54
vera,B,base,FT,25,25,177699.62,0.52
vera,B,base,FT,26,26,183890.83,0.5
vera,B,base,FT,27,27,190293.42,0.48
vera,B,base,FT,28,28,195375.34,0.47
vera,B,base,FT,29,29,202212.65,0.46
vera,B,base,FT,30,30,208589.79,0.44
vera,B,base,FT,31,31,214173.61,0.43
vera,B,base,FT,32,32,222355.24,0.41
vera,B,base,FT,33,33,226569.58,0.41
vera,B,base,FT,34,34,233129.06,0.39
vera,B,base,FT,35,35,239306.3,0.38
vera,B,base,FT,36,36,246243.36,0.37
vera,B,base,FT,37,37,251609.26,0.37
vera,B,base,FT,38,38,258547.29,0.36
vera,B,base,FT,39,39,262973.83,0.35
vera,B,base,FT,40,40,268187.21,0.34
vera,B,base,FT,41,41,275691.28,0.33
vera,B,base,FT,42,42,280683.77,0.33
vera,B,base,FT,43,43,285898.12,0.32
vera,B,base,FT,44,44,290943.02,0.32
vera,B,base,FT,45,45,296225.21,0.31
vera,B,base,FT,46,46,301574.75,0.31
vera,B,base,FT,47,47,307123.43,0.3
vera,B,base,FT,48,48,312308.8,0.29
vera,B,base,FT,49,49,318415.1,0.29
vera,B,base,FT,50,50,324119.53,0.28
vera,B,base,FT,51,51,326725.03,0.28
vera,B,base,FT,52,52,333354.84,0.28
vera,B,base,FT,53,53,338349.3,0.27
vera,B,base,FT,54,54,344483.03,0.27
vera,B,base,FT,55,55,346610.62,0.27
vera,B,base,FT,56,56,352681.84,0.26
vera,B,base,FT,57,57,359207.53,0.26
vera,B,base,FT,58,58,361741.37,0.25
vera,B,base,FT,59,59,367586.19,0.25
vera,B,base,FT,60,60,370259.3,0.25
vera,B,base,FT,61,61,375681.3,0.25
vera,B,base,FT,62,62,378301.95,0.24
vera,B,base,FT,63,63,383317.88,0.24
vera,B,base,FT,64,64,389135.09,0.24
vera,B,base,FT,65,65,392118.88,0.23
vera,B,base,FT,66,66,393750.31,0.23
vera,B,base,FT,67,67,399959.63,0.23
vera,B,base,FT,68,68,402956.58,0.23
vera,B,base,FT,69,69,407867.8,0.23
vera,B,base,FT,70,70,409768.75,0.22
vera,B,base,FT,71,71,416655.87,0.22
vera,B,base,FT,72,72,419525.96,0.22
vera,B,base,FT,73,73,419980.6,0.22
vera,B,base,FT,74,74,425635.3,0.22
vera,B,base,FT,75,75,427509.88,0.22
vera,B,base,FT,76,76,435051.16,0.21
vera,B,base,FT,77,77,434440.77,0.21
vera,B,base,FT,78,78,437082.47,0.21
vera,B,base,FT,79,79,444195.23,0.21
vera,B,base,FT,80,80,444170.23,0.21
vera,B,base,FT,81,81,447232.82,0.21
vera,B,base,FT,82,82,454311.67,0.2
vera,B,base,FT,83,83,454809.46,0.2
vera,B,base,FT,84,84,457522.1,0.2
vera,B,base,FT,85,85,460450.57,0.2
vera,B,base,FT,86,86,465730.59,0.2
vera,B,base,FT,87,87,469081.08,0.2
vera,B,base,FT,88,88,467854.19,0.2
vera,B,base,IS,1,1,573.76,0.58
vera,B,base,IS,2,2,1171.41,0.29
vera,B,base,IS,3,3,1793.76,0.19
vera,B,base,IS,4,4,2372.21,0.14
vera,B,base,IS,5,5,2960.65,0.11
vera,B,base,IS,6,6,3545.59,0.09
vera,B,base,IS,7,7,4086.36,0.08
vera,B,base,IS,8,8,4650.42,0.07
vera,B,base,IS,9,9,5235.08,0.06
vera,B,base,IS,10,10,5761.59,0.06
vera,B,base,IS,11,11,6353.25,0.05
vera,B,base,IS,12,12,6915.43,0.05
vera,B,base,IS,13,13,7519.74,0.04
vera,B,base,IS,14,14,8072.92,0.04
vera,B,base,IS,15,15,8675.19,0.04
vera,B,base,IS,16,16,9234.98,0.04
vera,B,base,IS,17,17,9786.41,0.03
vera,B,base,IS,18,18,10268.4,0.03
vera,B,base,IS,19,19,10784.23,0.03
vera,B,base,IS,20,20,11208.33,0.03
vera,B,base,IS,21,21,11967.71,0.03
vera,B,base,IS,22,22,12586.6,0.03
vera,B,base,IS,23,23,13108.2,0.03
vera,B,base,IS,24,24,13682.15,0.02
vera,B,base,IS,25,25,14215.55,0.02
vera,B,base,IS,26,26,14712.45,0.02
vera,B,base,IS,27,27,15214.16,0.02
vera,B,base,IS,28,28,15951.5,0.02
vera,B,base,IS,29,29,16429.77,0.02
vera,B,base,IS,30,30,17004.86,0.02
vera,B,base,IS,31,31,17674.31,0.02
vera,B,base,IS,32,32,18201.3,0.02
vera,B,base,IS,33,33,18756.73,0.02
vera,B,base,IS,34,34,19382.76,0.02
vera,B,base,IS,35,35,19851.34,0.02
vera,B,base,IS,36,36,20446.96,0.02
vera,B,base,IS,37,37,21034.39,0.02
vera,B,base,IS,38,38,21547.24,0.02
vera,B,base,IS,39,39,22147.39,0.02
vera,B,base,IS,40,40,22346.33,0.02
vera,B,base,IS,41,41,23242.01,0.01
vera,B,base,IS,42,42,23800.59,0.01
vera,B,base,IS,43,43,24380.64,0.01
vera,B,base,IS,44,44,25029.94,0.01
vera,B,base,IS,45,45,25338.93,0.01
vera,B,base,IS,46,46,26129.28,0.01
vera,B,base,IS,47,47,26503.33,0.01
vera,B,base,IS,48,48,26970.22,0.01
vera,B,base,IS,49,49,27622.55,0.01
vera,B,base,IS,50,50,28106.36,0.01
vera,B,base,IS,51,51,28572.74,0.01
vera,B,base,IS,52,52,29201.71,0.01
vera,B,base,IS,53,53,29521.31,0.01
vera,B,base,IS,54,54,30353.47,0.01
vera,B,base,IS,55,55,30963.83,0.01
vera,B,base,IS,56,56,31150.51,0.01
vera,B,base,IS,57,57,31671.43,0.01
vera,B,base,IS,58,58,32226.53,0.01
vera,B,base,IS,59,59,32797.84,0.01
vera,B,base,IS,60,60,33568.46,0.01
vera,B,base,IS,61,61,34043.63,0.01
vera,B,base,IS,62,62,34795.41,0.01
vera,B,base,IS,63,63,34958.64,0.01
vera,B,base,IS,64,64,35222.38,0.01
vera,B,base,IS,65,65,35882.37,0.01
vera,B,base,IS,66,66,36611.24,0.01
vera,B,base,IS,67,67,36780.84,0.01
vera,B,base,IS,68,68,37451.86,0.01
vera,B,base,IS,69,69,37894.6,0.01
vera,B,base,IS,70,70,38209.68,0.01
vera,B,base,IS,71,71,39243.08,0.01
vera,B,base,IS,72,72,39575.35,0.01
vera,B,base,IS,73,73,40041.22,0.01
vera,B,base,IS,74,74,39272.6,0.01
vera,B,base,IS,75,75,41253.2,0.01
vera,B,base,IS,76,76,41725.81,0.01
vera,B,base,IS,77,77,41873.69,0.01
vera,B,base,IS,78,78,42414.11,0.01
vera,B,base,IS,79,79,42567.11,0.01
vera,B,base,IS,80,80,42860.92,0.01
vera,B,base,IS,81,81,43809.72,0.01
vera,B,base,IS,82,82,43870.23,0.01
vera,B,base,IS,83,83,44160.79,0.01
vera,B,base,IS,84,84,45341.32,0.01
vera,B,base,IS,85,85,45279.01,0.01
vera,B,base,IS,86,86,45808.44,0.01
vera,B,base,IS,87,87,46196.78,0.01
vera,B,base,IS,88,88,46253.73,0.01
vera,B,base,LU,1,1,11820.43,42.2
vera,B,base,LU,2,2,23524.45,21.2
vera,B,base,LU,3,3,34461.03,14.48
vera,B,base,LU,4,4,46126.94,10.81
vera,B,base,LU,5,5,57042.09,8.74
vera,B,base,LU,6,6,66561.62,7.49
vera,B,base,LU,7,7,75420.99,6.61
vera,B,base,LU,8,8,85709.04,5.82
vera,B,base,LU,9,9,93282.23,5.35
vera,B,base,LU,10,10,107013.9,4.66
vera,B,base,LU,11,11,110087.39,4.53
vera,B,base,LU,12,12,119123.08,4.19
vera,B,base,LU,13,13,131265.82,3.8
vera,B,base,LU,14,14,133215.61,3.74
vera,B,base,LU,15,15,147676.43,3.38
vera,B,base,LU,16,16,149031.85,3.35
vera,B,base,LU,17,17,166053.67,3.0
vera,B,base,LU,18,18,167736.94,2.97
vera,B,base,LU,19,19,168834.43,2.95
vera,B,base,LU,20,20,190080.39,2.62
vera,B,base,LU,21,21,191565.27,2.6
vera,B,base,LU,22,22,193675.14,2.58
vera,B,base,LU,23,23,195617.81,2.55
vera,B,base,LU,24,24,196543.51,2.54
vera,B,base,LU,25,25,225383.97,2.21
vera,B,base,LU,26,26,227270.61,2.19
vera,B,base,LU,27,27,228408.0,2.18
vera,B,base,LU,28,28,230233.44,2.17
vera,B,base,LU,29,29,231307.52,2.16
vera,B,base,LU,30,30,232309.47,2.15
vera,B,base,LU,31,31,233901.28,2.13
vera,B,base,LU,32,32,234851.95,2.12
vera,B,base,LU,33,33,236861.58,2.11
vera,B,base,LU,34,34,276624.02,1.8
vera,B,base,LU,35,35,276474.72,1.8
vera,B,base,LU,36,36,277943.09,1.79
vera,B,base,LU,37,37,279172.26,1.79
vera,B,base,LU,38,38,279795.71,1.78
vera,B,base,LU,39,39,281008.87,1.78
vera,B,base,LU,40,40,281591.41,1.77
vera,B,base,LU,41,41,282878.01,1.76
vera,B,base,LU,42,42,284292.99,1.75
vera,B,base,LU,43,43,285229.19,1.75
vera,B,base,LU,44,44,286191.52,1.74
vera,B,base,LU,45,45,287508.24,1.73
vera,B,base,LU,46,46,287948.82,1.73
vera,B,base,LU,47,47,288005.75,1.73
vera,B,base,LU,48,48,288078.79,1.73
vera,B,base,LU,49,49,288524.22,1.73
vera,B,base,LU,50,50,352310.93,1.42
vera,B,base,LU,51,51,354241.58,1.41
vera,B,base,LU,52,52,354040.38,1.41
vera,B,base,LU,53,53,355207.83,1.4
vera,B,base,LU,54,54,356169.5,1.4
vera,B,base,LU,55,55,357564.89,1.4
vera,B,base,LU,56,56,357974.68,1.39
vera,B,base,LU,57,57,358299.84,1.39
vera,B,base,LU,58,58,358456.04,1.39
vera,B,base,LU,59,59,358750.19,1.39
vera,B,base,LU,60,60,359415.85,1.39
vera,B,base,LU,61,61,359919.98,1.39
vera,B,base,LU,62,62,359496.03,1.39
vera,B,base,LU,63,63,359825.1,1.39
vera,B,base,LU,64,64,355291.31,1.4
vera,B,base,LU,65,65,359295.0,1.39
vera,B,base,LU,66,66,359747.66,1.39
vera,B,base,LU,67,67,360124.24,1.39
vera,B,base,LU,68,68,362124.8,1.38
vera,B,base,LU,69,69,361819.1,1.38
vera,B,base,LU,70,70,363328.34,1.37
vera,B,base,LU,71,71,363524.89,1.37
vera,B,base,LU,72,72,364039.44,1.37
vera,B,base,LU,73,73,360955.64,1.38
vera,B,base,LU,74,74,365313.65,1.37
vera,B,base,LU,75,75,363676.84,1.37
vera,B,base,LU,76,76,364744.7,1.37
vera,B,base,LU,77,77,362681.8,1.38
vera,B,base,LU,78,78,362975.9,1.37
vera,B,base,LU,79,79,364361.68,1.37
vera,B,base,LU,80,80,363296.75,1.37
vera,B,base,LU,81,81,364150.01,1.37
vera,B,base,LU,82,82,365697.0,1.36
vera,B,base,LU,83,83,365998.44,1.36
vera,B,base,LU,84,84,365414.68,1.37
vera,B,base,LU,85,85,365663.14,1.36
vera,B,base,LU,86,86,366097.03,1.36
vera,B,base,LU,87,87,365083.26,1.37
vera,B,base,LU,88,88,363935.95,1.37
vera,B,base,MG,1,1,12721.29,1.53
vera,B,base,MG,2,2,24400.92,0.8
vera,B,base,MG,3,3,36370.62,0.54
vera,B,base,MG,4,4,49272.8,0.39
vera,B,base,MG,5,5,61343.59,0.32
vera,B,base,MG,6,6,73589.87,0.26
vera,B,base,MG,7,7,82200.72,0.24
vera,B,base,MG,8,8,96442.78,0.2
vera,B,base,MG,9,9,107291.24,0.18
vera,B,base,MG,10,10,118533.21,0.16
vera,B,base,MG,11,11,128996.4,0.15
vera,B,base,MG,12,12,139696.44,0.14
vera,B,base,MG,13,13,150655.71,0.13
vera,B,base,MG,14,14,158753.55,0.12
vera,B,base,MG,15,15,169209.03,0.12
vera,B,base,MG,16,16,179946.05,0.11
vera,B,base,MG,17,17,188612.71,0.1
vera,B,base,MG,18,18,197600.34,0.1
vera,B,base,MG,19,19,206365.24,0.09
vera,B,base,MG,20,20,215511.82,0.09
vera,B,base,MG,21,21,223221.4,0.09
vera,B,base,MG,22,22,231872.78,0.08
vera,B,base,MG,23,23,217448.4,0.09
vera,B,base,MG,24,24,245801.87,0.08
vera,B,base,MG,25,25,254893.32,0.08
vera,B,base,MG,26,26,260815.69,0.07
vera,B,base,MG,27,27,266128.51,0.07
vera,B,base,MG,28,28,249426.72,0.08
vera,B,base,MG,29,29,278938.57,0.07
vera,B,base,MG,30,30,284106.97,0.07
vera,B,base,MG,31,31,292733.07,0.07
vera,B,base,MG,32,32,298321.79,0.07
vera,B,base,MG,33,33,302989.67,0.06
vera,B,base,MG,34,34,268747.11,0.07
vera,B,base,MG,35,35,315206.26,0.06
vera,B,base,MG,36,36,318736.22,0.06
vera,B,base,MG,37,37,324226.39,0.06
vera,B,base,MG,38,38,314539.28,0.06
vera,B,base,MG,39,39,294821.17,0.07
vera,B,base,MG,40,40,305603.66,0.06
vera,B,base,MG,41,41,338845.05,0.06
vera,B,base,MG,42,42,295285.52,0.07
vera,B,base,MG,43,43,340534.44,0.06
vera,B,base,MG,44,44,357337.08,0.05
vera,B,base,MG,45,45,360734.08,0.05
vera,B,base,MG,46,46,366320.11,0.05
vera,B,base,MG,47,47,345783.01,0.06
vera,B,base,MG,48,48,368076.72,0.05
vera,B,base,MG,49,49,361025.67,0.05
vera,B,base,MG,50,50,372579.23,0.05
vera,B,base,MG,51,51,316555.52,0.06
vera,B,base,MG,52,52,382804.02,0.05
vera,B,base,MG,53,53,326071.16,0.06
vera,B,base,MG,54,54,393054.84,0.05
vera,B,base,MG,55,55,394752.48,0.05
vera,B,base,MG,56,56,404020.22,0.05
vera,B,base,MG,57,57,398029.28,0.05
vera,B,base,MG,58,58,411479.18,0.05
vera,B,base,MG,59,59,408437.75,0.05
vera,B,base,MG,60,60,413444.31,0.05
vera,B,base,MG,61,61,414603.04,0.05
vera,B,base,MG,62,62,353926.82,0.05
vera,B,base,MG,63,63,425528.76,0.05
vera,B,base,MG,64,64,430923.03,0.05
vera,B,base,MG,65,65,433190.88,0.04
vera,B,base,MG,66,66,397095.77,0.05
vera,B,base,MG,67,67,428584.23,0.05
vera,B,base,MG,68,68,440870.64,0.04
vera,B,base,MG,69,69,431344.07,0.05
vera,B,base,MG,70,70,439908.15,0.04
vera,B,base,MG,71,71,407560.23,0.05
vera,B,base,MG,72,72,444917.12,0.04
vera,B,base,MG,73,73,402475.94,0.05
vera,B,base,MG,74,74,446285.4,0.04
vera,B,base,MG,75,75,453688.87,0.04
vera,B,base,MG,76,76,437284.04,0.04
vera,B,base,MG,77,77,455827.21,0.04
vera,B,base,MG,78,78,380671.55,0.05
vera,B,base,MG,79,79,454242.66,0.04
vera,B,base,MG,80,80,379838.26,0.05
vera,B,base,MG,81,81,412186.86,0.05
vera,B,base,MG,82,82,456768.26,0.04
vera,B,base,MG,83,83,464495.86,0.04
vera,B,base,MG,84,84,474448.0,0.04
vera,B,base,MG,85,85,469177.55,0.04
vera,B,base,MG,86,86,468691.06,0.04
vera,B,base,MG,87,87,470758.94,0.04
vera,B,base,MG,88,88,460643.77,0.04
vera,B,base,SP,1,1,8677.72,40.91
vera,B,base,SP,2,2,17375.97,20.43
vera,B,base,SP,3,3,26133.31,13.58
vera,B,base,SP,4,4,34887.01,10.18
vera,B,base,SP,5,5,43548.24,8.15
vera,B,base,SP,6,6,52294.83,6.79
vera,B,base,SP,7,7,60931.75,5.83
vera,B,base,SP,8,8,69257.4,5.13
vera,B,base,SP,9,9,77682.07,4.57
vera,B,base,SP,10,10,85978.91,4.13
vera,B,base,SP,11,11,94201.55,3.77
vera,B,base,SP,12,12,100774.17,3.52
vera,B,base,SP,13,13,110074.02,3.23
vera,B,base,SP,14,14,118583.71,2.99
vera,B,base,SP,15,15,126679.46,2.8
vera,B,base,SP,16,16,134803.85,2.63
vera,B,base,SP,17,17,142868.07,2.48
vera,B,base,SP,18,18,151236.22,2.35
vera,B,base,SP,19,19,159519.65,2.23
vera,B,base,SP,20,20,166956.67,2.13
vera,B,base,SP,21,21,174506.93,2.03
vera,B,base,SP,22,22,183464.37,1.94
vera,B,base,SP,23,23,191360.18,1.86
vera,B,base,SP,24,24,199172.2,1.78
vera,B,base,SP,25,25,207117.27,1.71
vera,B,base,SP,26,26,214936.75,1.65
vera,B,base,SP,27,27,223491.2,1.59
vera,B,base,SP,28,28,233033.29,1.52
vera,B,base,SP,29,29,241118.66,1.47
vera,B,base,SP,30,30,250347.93,1.42
vera,B,base,SP,31,31,257661.41,1.38
vera,B,base,SP,32,32,265554.41,1.34
vera,B,base,SP,33,33,274181.03,1.29
vera,B,base,SP,34,34,279419.02,1.27
vera,B,base,SP,35,35,289801.86,1.23
vera,B,base,SP,36,36,297410.14,1.19
vera,B,base,SP,37,37,305684.52,1.16
vera,B,base,SP,38,38,314435.76,1.13
vera,B,base,SP,39,39,321867.64,1.1
vera,B,base,SP,40,40,328776.12,1.08
vera,B,base,SP,41,41,338560.26,1.05
vera,B,base,SP,42,42,346419.85,1.02
vera,B,base,SP,43,43,354152.45,1.0
vera,B,base,SP,44,44,360496.96,0.98
vera,B,base,SP,45,45,368252.56,0.96
vera,B,base,SP,46,46,375109.59,0.95
vera,B,base,SP,47,47,382855.01,0.93
vera,B,base,SP,48,48,388763.68,0.91
vera,B,base,SP,49,49,394941.14,0.9
vera,B,base,SP,50,50,397525.55,0.89
vera,B,base,SP,51,51,409985.01,0.87
vera,B,base,SP,52,52,416487.19,0.85
vera,B,base,SP,53,53,424473.4,0.84
vera,B,base,SP,54,54,428717.11,0.83
vera,B,base,SP,55,55,436816.83,0.81
vera,B,base,SP,56,56,445777.22,0.8
vera,B,base,SP,57,57,450457.02,0.79
vera,B,base,SP,58,58,457916.09,0.78
vera,B,base,SP,59,59,462274.67,0.77
vera,B,base,SP,60,60,468339.49,0.76
vera,B,base,SP,61,61,476426.21,0.75
vera,B,base,SP,62,62,480095.93,0.74
vera,B,base,SP,63,63,488032.31,0.73
vera,B,base,SP,64,64,490576.19,0.72
vera,B,base,SP,65,65,498772.84,0.71
vera,B,base,SP,66,66,503797.21,0.7
vera,B,base,SP,67,67,511851.33,0.69
vera,B,base,SP,68,68,513588.3,0.69
vera,B,base,SP,69,69,516679.47,0.69
vera,B,base,SP,70,70,525435.43,0.68
vera,B,base,SP,71,71,530927.52,0.67
vera,B,base,SP,72,72,533318.0,0.67
vera,B,base,SP,73,73,539263.7,0.66
vera,B,base,SP,74,74,543305.49,0.65
vera,B,base,SP,75,75,550696.3,0.64
vera,B,base,SP,76,76,552892.8,0.64
vera,B,base,SP,77,77,558201.2,0.64
vera,B,base,SP,78,78,559385.32,0.63
vera,B,base,SP,79,79,563386.76,0.63
vera,B,base,SP,80,80,565743.21,0.63
vera,B,base,SP,81,81,574794.82,0.62
vera,B,base,SP,82,82,577333.29,0.61
vera,B,base,SP,83,83,583502.32,0.61
vera,B,base,SP,84,84,587882.7,0.6
vera,B,base,SP,85,85,588629.54,0.6
vera,B,base,SP,86,86,593986.74,0.6
vera,B,base,SP,87,87,602233.48,0.59
vera,B,base,SP,88,88,600719.53,0.59
vera,B,base,UA,1,1,32.94,67.06
vera,B,base,UA,2,2,65.35,33.8
vera,B,base,UA,3,3,95.62,23.1
vera,B,base,UA,4,4,124.38,17.76
vera,B,base,UA,5,5,151.48,14.58
vera,B,base,UA,6,6,177.19,12.47
vera,B,base,UA,7,7,200.4,11.02
vera,B,base,UA,8,8,223.76,9.87
vera,B,base,UA,9,9,247.5,8.92
vera,B,base,UA,10,10,268.01,8.24
vera,B,base,UA,11,11,291.07,7.59
vera,B,base,UA,12,12,312.39,7.07
vera,B,base,UA,13,13,335.5,6.58
vera,B,base,UA,14,14,356.77,6.19
vera,B,base,UA,15,15,377.23,5.86
vera,B,base,UA,16,16,399.09,5.53
vera,B,base,UA,17,17,417.97,5.28
vera,B,base,UA,18,18,437.06,5.05
vera,B,base,UA,19,19,453.66,4.87
vera,B,base,UA,20,20,474.03,4.66
vera,B,base,UA,21,21,492.18,4.49
vera,B,base,UA,22,22,510.08,4.33
vera,B,base,UA,23,23,525.76,4.2
vera,B,base,UA,24,24,541.78,4.08
vera,B,base,UA,25,25,561.52,3.93
vera,B,base,UA,26,26,580.88,3.8
vera,B,base,UA,27,27,593.41,3.72
vera,B,base,UA,28,28,609.75,3.62
vera,B,base,UA,29,29,625.39,3.53
vera,B,base,UA,30,30,637.34,3.47
vera,B,base,UA,31,31,652.53,3.39
vera,B,base,UA,32,32,674.72,3.27
vera,B,base,UA,33,33,685.76,3.22
vera,B,base,UA,34,34,694.08,3.18
vera,B,base,UA,35,35,708.68,3.12
vera,B,base,UA,36,36,723.2,3.05
vera,B,base,UA,37,37,733.95,3.01
vera,B,base,UA,38,38,748.92,2.95
vera,B,base,UA,39,39,768.01,2.88
vera,B,base,UA,40,40,776.29,2.85
vera,B,base,UA,41,41,791.63,2.79
vera,B,base,UA,42,42,801.13,2.76
vera,B,base,UA,43,43,819.13,2.7
vera,B,base,UA,44,44,823.46,2.68
vera,B,base,UA,45,45,843.29,2.62
vera,B,base,UA,46,46,850.31,2.6
vera,B,base,UA,47,47,859.52,2.57
vera,B,base,UA,48,48,871.59,2.53
vera,B,base,UA,49,49,878.25,2.52
vera,B,base,UA,50,50,886.32,2.49
vera,B,base,UA,51,51,906.59,2.44
vera,B,base,UA,52,52,921.72,2.4
vera,B,base,UA,53,53,921.21,2.4
vera,B,base,UA,54,54,941.3,2.35
vera,B,base,UA,55,55,942.47,2.34
vera,B,base,UA,56,56,945.51,2.34
vera,B,base,UA,57,57,959.61,2.3
vera,B,base,UA,58,58,969.08,2.28
vera,B,base,UA,59,59,976.25,2.26
vera,B,base,UA,60,60,977.37,2.26
vera,B,base,UA,61,61,995.68,2.22
vera,B,base,UA,62,62,991.44,2.23
vera,B,base,UA,63,63,1010.8,2.19
vera,B,base,UA,64,64,1018.06,2.17
vera,B,base,UA,65,65,1014.61,2.18
vera,B,base,UA,66,66,1026.47,2.15
vera,B,base,UA,67,67,1033.09,2.14
vera,B,base,UA,68,68,1036.12,2.13
vera,B,base,UA,69,69,1049.18,2.11
vera,B,base,UA,70,70,1047.62,2.11
vera,B,base,UA,71,71,1052.86,2.1
vera,B,base,UA,72,72,1061.55,2.08
vera,B,base,UA,73,73,1062.44,2.08
vera,B,base,UA,74,74,1069.48,2.07
vera,B,base,UA,75,75,1078.95,2.05
vera,B,base,UA,76,76,1083.76,2.04
vera,B,base,UA,77,77,1086.92,2.03
vera,B,base,UA,78,78,1093.78,2.02
vera,B,base,UA,79,79,1088.47,2.03
vera,B,base,UA,80,80,1078.77,2.05
vera,B,base,UA,81,81,1096.34,2.01
vera,B,base,UA,82,82,1112.23,1.99
vera,B,base,UA,83,83,1115.97,1.98
vera,B,base,UA,84,84,1126.98,1.96
vera,B,base,UA,85,85,1126.54,1.96
vera,B,base,UA,86,86,1135.7,1.94
vera,B,base,UA,87,87,1132.64,1.95
vera,B,base,UA,88,88,1140.4,1.94
vera,B,smt,BT,1,2,11634.21,60.35
vera,B,smt,BT,2,4,23256.79,30.19
vera,B,smt,BT,3,6,35288.59,19.9
vera,B,smt,BT,4,8,47143.84,14.89
vera,B,smt,BT,5,10,58541.82,11.99
vera,B,smt,BT,6,12,70558.59,9.95
vera,B,smt,BT,7,14,81793.04,8.58
vera,B,smt,BT,8,16,93527.37,7.51
vera,B,smt,BT,9,18,105166.28,6.68
vera,B,smt,BT,10,20,116397.82,6.03
vera,B,smt,BT,11,22,127099.85,5.52
vera,B,smt,BT,12,24,139486.96,5.03
vera,B,smt,BT,13,26,150738.86,4.66
vera,B,smt,BT,14,28,161444.79,4.35
vera,B,smt,BT,15,30,174450.38,4.03
vera,B,smt,BT,16,32,184470.31,3.81
vera,B,smt,BT,17,34,195437.12,3.59
vera,B,smt,BT,18,36,208610.57,3.37
vera,B,smt,BT,19,38,218617.19,3.21
vera,B,smt,BT,20,40,230927.27,3.04
vera,B,smt,BT,21,42,240739.35,2.92
vera,B,smt,BT,22,44,251968.73,2.79
vera,B,smt,BT,23,46,262669.17,2.67
vera,B,smt,BT,24,48,276086.65,2.54
vera,B,smt,BT,25,50,286741.65,2.45
vera,B,smt,BT,26,52,296264.57,2.37
vera,B,smt,BT,27,54,307274.35,2.29
vera,B,smt,BT,28,56,321249.18,2.19
vera,B,smt,BT,29,58,331759.92,2.12
vera,B,smt,BT,30,60,341707.05,2.05
vera,B,smt,BT,31,62,352933.39,1.99
vera,B,smt,BT,32,64,362430.43,1.94
vera,B,smt,BT,33,66,375007.53,1.87
vera,B,smt,BT,34,68,384465.77,1.83
vera,B,smt,BT,35,70,397128.13,1.77
vera,B,smt,BT,36,72,409249.66,1.72
vera,B,smt,BT,37,74,418512.07,1.68
vera,B,smt,BT,38,76,415075.94,1.69
vera,B,smt,BT,39,78,438964.34,1.6
vera,B,smt,BT,40,80,452111.1,1.55
vera,B,smt,BT,41,82,464090.94,1.51
vera,B,smt,BT,42,84,472163.65,1.49
vera,B,smt,BT,43,86,483151.45,1.45
vera,B,smt,BT,44,88,496250.91,1.41
vera,B,smt,BT,45,90,504394.61,1.39
vera,B,smt,BT,46,92,516703.42,1.36
vera,B,smt,BT,47,94,513414.65,1.37
vera,B,smt,BT,48,96,531923.56,1.32
vera,B,smt,BT,49,98,543367.17,1.29
vera,B,smt,BT,50,100,547395.12,1.28
vera,B,smt,BT,51,102,565270.58,1.24
vera,B,smt,BT,52,104,574483.21,1.22
vera,B,smt,BT,53,106,587258.89,1.2
vera,B,smt,BT,54,108,597872.47,1.17
vera,B,smt,BT,55,110,608038.1,1.15
vera,B,smt,BT,56,112,615616.26,1.14
vera,B,smt,BT,57,114,624566.92,1.12
vera,B,smt,BT,58,116,634138.87,1.11
vera,B,smt,BT,59,118,645140.52,1.09
vera,B,smt,BT,60,120,651816.08,1.08
vera,B,smt,BT,61,122,663469.49,1.06
vera,B,smt,BT,62,124,670576.12,1.05
vera,B,smt,BT,63,126,678910.73,1.03
vera,B,smt,BT,64,128,686683.8,1.02
vera,B,smt,BT,65,130,699949.1,1.0
vera,B,smt,BT,66,132,705111.1,1.0
vera,B,smt,BT,67,134,713139.98,0.98
vera,B,smt,BT,68,136,721155.23,0.97
vera,B,smt,BT,69,138,730485.18,0.96
vera,B,smt,BT,70,140,735746.27,0.95
vera,B,smt,BT,71,142,746190.64,0.94
vera,B,smt,BT,72,144,752553.81,0.93
vera,B,smt,BT,73,146,762762.7,0.92
vera,B,smt,BT,74,148,771647.87,0.91
vera,B,smt,BT,75,150,780493.41,0.9
vera,B,smt,BT,76,152,789019.88,0.89
vera,B,smt,BT,77,154,797614.64,0.88
vera,B,smt,BT,78,156,800120.77,0.88
vera,B,smt,BT,79,158,810595.31,0.87
vera,B,smt,BT,80,160,818083.85,0.86
vera,B,smt,BT,81,162,831670.13,0.84
vera,B,smt,BT,82,164,842814.22,0.83
vera,B,smt,BT,83,166,844248.26,0.83
vera,B,smt,BT,84,168,853481.81,0.82
vera,B,smt,BT,85,170,863607.32,0.81
vera,B,smt,BT,86,172,869560.35,0.81
vera,B,smt,BT,87,174,877609.35,0.8
vera,B,smt,BT,88,176,879522.33,0.8
vera,B,smt,CG,1,2,3473.58,15.75
vera,B,smt,CG,2,4,6921.58,7.9
vera,B,smt,CG,3,6,10215.52,5.36
vera,B,smt,CG,4,8,13726.76,3.99
vera,B,smt,CG,5,10,16960.6,3.23
vera,B,smt,CG,6,12,20270.62,2.7
vera,B,smt,CG,7,14,23635.73,2.31
vera,B,smt,CG,8,16,27031.3,2.02
vera,B,smt,CG,9,18,30109.5,1.82
vera,B,smt,CG,10,20,33626.26,1.63
vera,B,smt,CG,11,22,36802.07,1.49
vera,B,smt,CG,12,24,39903.59,1.37
vera,B,smt,CG,13,26,43145.41,1.27
vera,B,smt,CG,14,28,46290.06,1.18
vera,B,smt,CG,15,30,49171.58,1.11
vera,B,smt,CG,16,32,52626.53,1.04
vera,B,smt,CG,17,34,55066.39,0.99
vera,B,smt,CG,18,36,58213.34,0.94
vera,B,smt,CG,19,38,61485.06,0.89
vera,B,smt,CG,20,40,64312.27,0.85
vera,B,smt,CG,21,42,67508.24,0.81
vera,B,smt,CG,22,44,70316.51,0.78
vera,B,smt,CG,23,46,72930.81,0.75
vera,B,smt,CG,24,48,75932.57,0.72
vera,B,smt,CG,25,50,77833.69,0.7
vera,B,smt,CG,26,52,80886.22,0.68
vera,B,smt,CG,27,54,84198.69,0.65
vera,B,smt,CG,28,56,85748.84,0.64
vera,B,smt,CG,29,58,88543.05,0.62
vera,B,smt,CG,30,60,90737.26,0.6
vera,B,smt,CG,31,62,93111.03,0.59
vera,B,smt,CG,32,64,95501.33,0.57
vera,B,smt,CG,33,66,98858.54,0.55
vera,B,smt,CG,34,68,99742.09,0.55
vera,B,smt,CG,35,70,103392.49,0.53
vera,B,smt,CG,36,72,106247.2,0.51
vera,B,smt,CG,37,74,108867.27,0.5
vera,B,smt,CG,38,76,110623.45,0.49
vera,B,smt,CG,39,78,112458.91,0.49
vera,B,smt,CG,40,80,115393.43,0.47
vera,B,smt,CG,41,82,117267.31,0.47
vera,B,smt,CG,42,84,119044.02,0.46
vera,B,smt,CG,43,86,120313.48,0.45
vera,B,smt,CG,44,88,122900.87,0.45
vera,B,smt,CG,45,90,124036.32,0.44
vera,B,smt,CG,46,92,126902.52,0.43
vera,B,smt,CG,47,94,128542.2,0.43
vera,B,smt,CG,48,96,130303.88,0.42
vera,B,smt,CG,49,98,132949.11,0.41
vera,B,smt,CG,50,100,134582.17,0.41
vera,B,smt,CG,51,102,136817.6,0.4
vera,B,smt,CG,52,104,137163.25,0.4
vera,B,smt,CG,53,106,139191.21,0.39
vera,B,smt,CG,54,108,140657.32,0.39
vera,B,smt,CG,55,110,142301.74,0.38
vera,B,smt,CG,56,112,141824.84,0.39
vera,B,smt,CG,57,114,145710.31,0.38
vera,B,smt,CG,58,116,145954.14,0.37
vera,B,smt,CG,59,118,148036.26,0.37
vera,B,smt,CG,60,120,148422.89,0.37
vera,B,smt,CG,61,122,150080.81,0.36
vera,B,smt,CG,62,124,150340.86,0.36
vera,B,smt,CG,63,126,152591.88,0.36
vera,B,smt,CG,64,128,155207.2,0.35
vera,B,smt,CG,65,130,154544.06,0.35
vera,B,smt,CG,66,132,157215.9,0.35
vera,B,smt,CG,67,134,157732.59,0.35
vera,B,smt,CG,68,136,158399.43,0.35
vera,B,smt,CG,69,138,159604.23,0.34
vera,B,smt,CG,70,140,160905.04,0.34
vera,B,smt,CG,71,142,162686.62,0.34
vera,B,smt,CG,72,144,159674.53,0.34
vera,B,smt,CG,73,146,164231.26,0.33
vera,B,smt,CG,74,148,162735.05,0.34
vera,B,smt,CG,75,150,166524.31,0.33
vera,B,smt,CG,76,152,162990.82,0.34
vera,B,smt,CG,77,154,165349.2,0.33
vera,B,smt,CG,78,156,161458.3,0.34
vera,B,smt,CG,79,158,166864.45,0.33
vera,B,smt,CG,80,160,166038.62,0.33
vera,B,smt,CG,81,162,166911.61,0.33
vera,B,smt,CG,82,164,169833.69,0.32
vera,B,smt,CG,83,166,167580.45,0.33
vera,B,smt,CG,84,168,167334.54,0.33
vera,B,smt,CG,85,170,170898.14,0.32
vera,B,smt,CG,86,172,170444.84,0.32
vera,B,smt,CG,87,174,170085.9,0.32
vera,B,smt,CG,88,176,149999.6,0.36
vera,B,smt,EP,1,2,333.51,6.44
vera,B,smt,EP,2,4,667.35,3.22
vera,B,smt,EP,3,6,1000.89,2.15
vera,B,smt,EP,4,8,1334.51,1.61
vera,B,smt,EP,5,10,1670.73,1.29
vera,B,smt,EP,6,12,2002.43,1.07
vera,B,smt,EP,7,14,2333.26,0.92
vera,B,smt,EP,8,16,2663.94,0.81
vera,B,smt,EP,9,18,2995.68,0.72
vera,B,smt,EP,10,20,3325.27,0.65
vera,B,smt,EP,11,22,3657.32,0.59
vera,B,smt,EP,12,24,3996.13,0.54
vera,B,smt,EP,13,26,4327.0,0.5
vera,B,smt,EP,14,28,4658.28,0.46
vera,B,smt,EP,15,30,4989.7,0.43
vera,B,smt,EP,16,32,5323.31,0.4
vera,B,smt,EP,17,34,5645.41,0.38
vera,B,smt,EP,18,36,5984.97,0.36
vera,B,smt,EP,19,38,6319.3,0.34
vera,B,smt,EP,20,40,6650.97,0.32
vera,B,smt,EP,21,42,6977.34,0.31
vera,B,smt,EP,22,44,7316.04,0.29
vera,B,smt,EP,23,46,7634.91,0.28
vera,B,smt,EP,24,48,7964.94,0.27
vera,B,smt,EP,25,50,8304.92,0.26
vera,B,smt,EP,26,52,8634.75,0.25
vera,B,smt,EP,27,54,8968.93,0.24
vera,B,smt,EP,28,56,9299.54,0.23
vera,B,smt,EP,29,58,9629.6,0.22
vera,B,smt,EP,30,60,9939.55,0.22
vera,B,smt,EP,31,62,10271.48,0.21
vera,B,smt,EP,32,64,10631.18,0.2
vera,B,smt,EP,33,66,10945.96,0.2
vera,B,smt,EP,34,68,11298.47,0.19
vera,B,smt,EP,35,70,11602.52,0.19
vera,B,smt,EP,36,72,11921.58,0.18
vera,B,smt,EP,37,74,12262.47,0.18
vera,B,smt,EP,38,76,12587.51,0.17
vera,B,smt,EP,39,78,12919.72,0.17
vera,B,smt,EP,40,80,13264.95,0.16
vera,B,smt,EP,41,82,13596.13,0.16
vera,B,smt,EP,42,84,13907.0,0.15
vera,B,smt,EP,43,86,14221.5,0.15
vera,B,smt,EP,44,88,14582.19,0.15
vera,B,smt,EP,45,90,14889.68,0.14
vera,B,smt,EP,46,92,15201.38,0.14
vera,B,smt,EP,47,94,15547.7,0.14
vera,B,smt,EP,48,96,15874.99,0.14
vera,B,smt,EP,49,98,16230.92,0.13
vera,B,smt,EP,50,100,16551.19,0.13
vera,B,smt,EP,51,102,16864.0,0.13
vera,B,smt,EP,52,104,17203.79,0.12
vera,B,smt,EP,53,106,17389.15,0.12
vera,B,smt,EP,54,108,17836.55,0.12
vera,B,smt,EP,55,110,18191.97,0.12
vera,B,smt,EP,56,112,18476.52,0.12
vera,B,smt,EP,57,114,18807.95,0.11
vera,B,smt,EP,58,116,19132.35,0.11
vera,B,smt,EP,59,118,19463.4,0.11
vera,B,smt,EP,60,120,19801.61,0.11
vera,B,smt,EP,61,122,20117.33,0.11
vera,B,smt,EP,62,124,20478.71,0.1
vera,B,smt,EP,63,126,20799.84,0.1
vera,B,smt,EP,64,128,21067.06,0.1
vera,B,smt,EP,65,130,21435.34,0.1
vera,B,smt,EP,66,132,21764.77,0.1
vera,B,smt,EP,67,134,22067.07,0.1
vera,B,smt,EP,68,136,22376.73,0.1
vera,B,smt,EP,69,138,22684.56,0.09
vera,B,smt,EP,70,140,23051.34,0.09
vera,B,smt,EP,71,142,23336.43,0.09
vera,B,smt,EP,72,144,23676.49,0.09
vera,B,smt,EP,73,146,23993.18,0.09
vera,B,smt,EP,74,148,24307.96,0.09
vera,B,smt,EP,75,150,24623.18,0.09
vera,B,smt,EP,76,152,24927.84,0.09
vera,B,smt,EP,77,154,25260.38,0.09
vera,B,smt,EP,78,156,25626.32,0.08
vera,B,smt,EP,79,158,25899.44,0.08
vera,B,smt,EP,80,160,26160.41,0.08
vera,B,smt,EP,81,162,26454.67,0.08
vera,B,smt,EP,82,164,26836.81,0.08
vera,B,smt,EP,83,166,27062.73,0.08
vera,B,smt,EP,84,168,27321.4,0.08
vera,B,smt,EP,85,170,27587.06,0.08
vera,B,smt,EP,86,172,27898.87,0.08
vera,B,smt,EP,87,174,28206.36,0.08
vera,B,smt,EP,88,176,28381.65,0.08
vera,B,smt,FT,1,2,8804.13,10.46
vera,B,smt,FT,2,4,17473.78,5.27
vera,B,smt,FT,3,6,26421.56,3.48
vera,B,smt,FT,4,8,35025.71,2.63
vera,B,smt,FT,5,10,41263.73,2.23
vera,B,smt,FT,6,12,52073.09,1.77
vera,B,smt,FT,7,14,60420.48,1.52
vera,B,smt,FT,8,16,67874.59,1.36
vera,B,smt,FT,9,18,74681.04,1.23
vera,B,smt,FT,10,20,81946.67,1.12
vera,B,smt,FT,11,22,90577.35,1.02
vera,B,smt,FT,12,24,99673.28,0.92
vera,B,smt,FT,13,26,108109.56,0.85
vera,B,smt,FT,14,28,114576.6,0.8
vera,B,smt,FT,15,30,122726.95,0.75
vera,B,smt,FT,16,32,128809.5,0.71
vera,B,smt,FT,17,34,137477.16,0.67
vera,B,smt,FT,18,36,146742.1,0.63
vera,B,smt,FT,19,38,153108.14,0.6
vera,B,smt,FT,20,40,161196.83,0.57
vera,B,smt,FT,21,42,165224.28,0.56
vera,B,smt,FT,22,44,177107.28,0.52
vera,B,smt,FT,23,46,181499.68,0.51
vera,B,smt,FT,24,48,182991.16,0.5
vera,B,smt,FT,25,50,195168.6,0.47
vera,B,smt,FT,26,52,202629.19,0.45
vera,B,smt,FT,27,54,204549.48,0.45
vera,B,smt,FT,28,56,212262.34,0.43
vera,B,smt,FT,29,58,215657.06,0.43
vera,B,smt,FT,30,60,228474.99,0.4
vera,B,smt,FT,31,62,238350.93,0.39
vera,B,smt,FT,32,64,241572.25,0.38
vera,B,smt,FT,33,66,248817.99,0.37
vera,B,smt,FT,34,68,253334.8,0.36
vera,B,smt,FT,35,70,258131.22,0.36
vera,B,smt,FT,36,72,268462.94,0.34
vera,B,smt,FT,37,74,271579.64,0.34
vera,B,smt,FT,38,76,281174.64,0.33
vera,B,smt,FT,39,78,281588.25,0.33
vera,B,smt,FT,40,80,279035.49,0.33
vera,B,smt,FT,41,82,298414.78,0.31
vera,B,smt,FT,42,84,297053.08,0.31
vera,B,smt,FT,43,86,303382.63,0.3
vera,B,smt,FT,44,88,307787.58,0.3
vera,B,smt,FT,45,90,317027.77,0.29
vera,B,smt,FT,46,92,323256.84,0.28
vera,B,smt,FT,47,94,323029.02,0.28
vera,B,smt,FT,48,96,328234.76,0.28
vera,B,smt,FT,49,98,339430.38,0.27
vera,B,smt,FT,50,100,342811.33,0.27
vera,B,smt,FT,51,102,343601.17,0.27
vera,B,smt,FT,52,104,348884.36,0.26
vera,B,smt,FT,53,106,350626.56,0.26
vera,B,smt,FT,54,108,356374.22,0.26
vera,B,smt,FT,55,110,362926.88,0.25
vera,B,smt,FT,56,112,364340.24,0.25
vera,B,smt,FT,57,114,371506.78,0.25
vera,B,smt,FT,58,116,365809.39,0.25
vera,B,smt,FT,59,118,378699.16,0.24
vera,B,smt,FT,60,120,375963.6,0.24
vera,B,smt,FT,61,122,377670.6,0.24
vera,B,smt,FT,62,124,379568.21,0.24
vera,B,smt,FT,63,126,387397.54,0.24
vera,B,smt,FT,64,128,395478.49,0.23
vera,B,smt,FT,65,130,401431.75,0.23
vera,B,smt,FT,66,132,401215.28,0.23
vera,B,smt,FT,67,134,404281.29,0.23
vera,B,smt,FT,68,136,405376.89,0.23
vera,B,smt,FT,69,138,416108.2,0.22
vera,B,smt,FT,70,140,411515.01,0.22
vera,B,smt,FT,71,142,424857.61,0.22
vera,B,smt,FT,72,144,412137.35,0.22
vera,B,smt,FT,73,146,423309.04,0.22
vera,B,smt,FT,74,148,430884.89,0.21
vera,B,smt,FT,75,150,432945.52,0.21
vera,B,smt,FT,76,152,433224.98,0.21
vera,B,smt,FT,77,154,436717.47,0.21
vera,B,smt,FT,78,156,437378.43,0.21
vera,B,smt,FT,79,158,446521.42,0.21
vera,B,smt,FT,80,160,448565.17,0.21
vera,B,smt,FT,81,162,442217.5,0.21
vera,B,smt,FT,82,164,446514.01,0.21
vera,B,smt,FT,83,166,452404.07,0.2
vera,B,smt,FT,84,168,453565.01,0.2
vera,B,smt,FT,85,170,459915.52,0.2
vera,B,smt,FT,86,172,454563.88,0.2
vera,B,smt,FT,87,174,455982.34,0.2
vera,B,smt,FT,88,176,456504.8,0.2
vera,B,smt,IS,1,2,634.14,0.53
vera,B,smt,IS,2,4,1261.79,0.27
vera,B,smt,IS,3,6,1893.15,0.18
vera,B,smt,IS,4,8,2456.37,0.14
vera,B,smt,IS,5,10,3046.18,0.11
vera,B,smt,IS,6,12,3637.72,0.09
vera,B,smt,IS,7,14,4252.72,0.08
vera,B,smt,IS,8,16,4932.36,0.07
vera,B,smt,IS,9,18,5440.58,0.06
vera,B,smt,IS,10,20,6028.62,0.06
vera,B,smt,IS,11,22,6655.01,0.05
vera,B,smt,IS,12,24,7374.47,0.05
vera,B,smt,IS,13,26,7903.36,0.04
vera,B,smt,IS,14,28,8449.27,0.04
vera,B,smt,IS,15,30,9072.88,0.04
vera,B,smt,IS,16,32,9694.37,0.03
vera,B,smt,IS,17,34,10278.11,0.03
vera,B,smt,IS,18,36,10867.41,0.03
vera,B,smt,IS,19,38,11451.19,0.03
vera,B,smt,IS,20,40,12017.34,0.03
vera,B,smt,IS,21,42,12603.21,0.03
vera,B,smt,IS,22,44,13094.03,0.03
vera,B,smt,IS,23,46,13745.48,0.02
vera,B,smt,IS,24,48,14299.33,0.02
vera,B,smt,IS,25,50,14884.25,0.02
vera,B,smt,IS,26,52,15425.7,0.02
vera,B,smt,IS,27,54,15975.57,0.02
vera,B,smt,IS,28,56,16432.26,0.02
vera,B,smt,IS,29,58,17109.23,0.02
vera,B,smt,IS,30,60,17568.61,0.02
vera,B,smt,IS,31,62,18183.1,0.02
vera,B,smt,IS,32,64,18781.96,0.02
vera,B,smt,IS,33,66,19210.24,0.02
vera,B,smt,IS,34,68,19888.85,0.02
vera,B,smt,IS,35,70,20447.61,0.02
vera,B,smt,IS,36,72,20943.55,0.02
vera,B,smt,IS,37,74,21366.22,0.02
vera,B,smt,IS,38,76,22049.79,0.02
vera,B,smt,IS,39,78,22501.55,0.01
vera,B,smt,IS,40,80,23049.86,0.01
vera,B,smt,IS,41,82,23497.73,0.01
vera,B,smt,IS,42,84,23868.8,0.01
vera,B,smt,IS,43,86,24499.97,0.01
vera,B,smt,IS,44,88,25151.62,0.01
vera,B,smt,IS,45,90,25438.68,0.01
vera,B,smt,IS,46,92,25945.18,0.01
vera,B,smt,IS,47,94,26395.0,0.01
vera,B,smt,IS,48,96,26954.19,0.01
vera,B,smt,IS,49,98,27394.14,0.01
vera,B,smt,IS,50,100,27849.78,0.01
vera,B,smt,IS,51,102,28278.78,0.01
vera,B,smt,IS,52,104,28874.92,0.01
vera,B,smt,IS,53,106,28715.87,0.01
vera,B,smt,IS,54,108,29899.19,0.01
vera,B,smt,IS,55,110,30320.84,0.01
vera,B,smt,IS,56,112,30662.98,0.01
vera,B,smt,IS,57,114,31011.76,0.01
vera,B,smt,IS,58,116,31512.71,0.01
vera,B,smt,IS,59,118,32211.46,0.01
vera,B,smt,IS,60,120,32248.49,0.01
vera,B,smt,IS,61,122,33014.86,0.01
vera,B,smt,IS,62,124,33545.03,0.01
vera,B,smt,IS,63,126,33728.2,0.01
vera,B,smt,IS,64,128,34167.56,0.01
vera,B,smt,IS,65,130,34583.72,0.01
vera,B,smt,IS,66,132,34926.73,0.01
vera,B,smt,IS,67,134,35189.17,0.01
vera,B,smt,IS,68,136,35674.64,0.01
vera,B,smt,IS,69,138,36164.4,0.01
vera,B,smt,IS,70,140,36258.81,0.01
vera,B,smt,IS,71,142,36779.11,0.01
vera,B,smt,IS,72,144,36961.88,0.01
vera,B,smt,IS,73,146,37329.22,0.01
vera,B,smt,IS,74,148,37693.42,0.01
vera,B,smt,IS,75,150,37734.94,0.01
vera,B,smt,IS,76,152,38310.75,0.01
vera,B,smt,IS,77,154,38845.06,0.01
vera,B,smt,IS,78,156,38879.53,0.01
vera,B,smt,IS,79,158,39262.13,0.01
vera,B,smt,IS,80,160,39009.06,0.01
vera,B,smt,IS,81,162,39678.78,0.01
vera,B,smt,IS,82,164,39882.36,0.01
vera,B,smt,IS,83,166,40211.26,0.01
vera,B,smt,IS,84,168,40383.15,0.01
vera,B,smt,IS,85,170,40064.07,0.01
vera,B,smt,IS,86,172,40683.37,0.01
vera,B,smt,IS,87,174,41165.75,0.01
vera,B,smt,IS,88,176,40714.54,0.01
vera,B,smt,LU,1,2,17217.28,28.97
vera,B,smt,LU,2,4,33584.43,14.85
vera,B,smt,LU,3,6,48684.89,10.25
vera,B,smt,LU,4,8,62959.85,7.92
vera,B,smt,LU,5,10,79060.17,6.31
vera,B,smt,LU,6,12,88584.16,5.63
vera,B,smt,LU,7,14,100255.2,4.98
vera,B,smt,LU,8,16,111819.29,4.46
vera,B,smt,LU,9,18,125665.52,3.97
vera,B,smt,LU,10,20,142517.03,3.5
vera,B,smt,LU,11,22,145575.22,3.43
vera,B,smt,LU,12,24,149032.05,3.35
vera,B,smt,LU,13,26,170739.62,2.92
vera,B,smt,LU,14,28,173290.73,2.88
vera,B,smt,LU,15,30,177221.89,2.81
vera,B,smt,LU,16,32,180103.51,2.77
vera,B,smt,LU,17,34,207950.48,2.4
vera,B,smt,LU,18,36,212264.67,2.35
vera,B,smt,LU,19,38,214561.1,2.32
vera,B,smt,LU,20,40,216380.05,2.31
vera,B,smt,LU,21,42,217711.68,2.29
vera,B,smt,LU,22,44,220854.06,2.26
vera,B,smt,LU,23,46,222412.74,2.24
vera,B,smt,LU,24,48,225168.98,2.22
vera,B,smt,LU,25,50,264798.63,1.88
vera,B,smt,LU,26,52,266752.72,1.87
vera,B,smt,LU,27,54,270964.52,1.84
vera,B,smt,LU,28,56,270463.94,1.84
vera,B,smt,LU,29,58,273407.27,1.82
vera,B,smt,LU,30,60,275153.54,1.81
vera,B,smt,LU,31,62,277146.23,1.8
vera,B,smt,LU,32,64,277782.19,1.8
vera,B,smt,LU,33,66,279474.43,1.78
vera,B,smt,LU,34,68,279769.67,1.78
vera,B,smt,LU,35,70,283243.44,1.76
vera,B,smt,LU,36,72,284408.09,1.75
vera,B,smt,LU,37,74,285681.95,1.75
vera,B,smt,LU,38,76,286703.35,1.74
vera,B,smt,LU,39,78,288542.62,1.73
vera,B,smt,LU,40,80,289828.66,1.72
vera,B,smt,LU,41,82,291249.44,1.71
vera,B,smt,LU,42,84,291780.38,1.71
vera,B,smt,LU,43,86,291336.4,1.71
vera,B,smt,LU,44,88,293664.48,1.7
vera,B,smt,LU,45,90,294677.53,1.69
vera,B,smt,LU,46,92,297003.92,1.68
vera,B,smt,LU,47,94,296543.56,1.68
vera,B,smt,LU,48,96,298271.5,1.67
vera,B,smt,LU,49,98,300600.1,1.66
vera,B,smt,LU,50,100,357931.51,1.39
vera,B,smt,LU,51,102,362804.96,1.37
vera,B,smt,LU,52,104,361857.81,1.38
vera,B,smt,LU,53,106,363059.78,1.37
vera,B,smt,LU,54,108,366124.99,1.36
vera,B,smt,LU,55,110,366958.9,1.36
vera,B,smt,LU,56,112,366745.94,1.36
vera,B,smt,LU,57,114,367764.41,1.36
vera,B,smt,LU,58,116,368826.3,1.35
vera,B,smt,LU,59,118,371260.3,1.34
vera,B,smt,LU,60,120,369307.65,1.35
vera,B,smt,LU,61,122,371694.31,1.34
vera,B,smt,LU,62,124,371625.78,1.34
vera,B,smt,LU,63,126,370355.92,1.35
vera,B,smt,LU,64,128,373613.42,1.34
vera,B,smt,LU,65,130,371876.4,1.34
vera,B,smt,LU,66,132,373570.46,1.34
vera,B,smt,LU,67,134,374637.82,1.33
vera,B,smt,LU,68,136,375271.95,1.33
vera,B,smt,LU,69,138,376010.79,1.33
vera,B,smt,LU,70,140,375136.93,1.33
vera,B,smt,LU,71,142,376320.38,1.33
vera,B,smt,LU,72,144,377936.72,1.32
vera,B,smt,LU,73,146,377790.69,1.32
vera,B,smt,LU,74,148,376364.75,1.33
vera,B,smt,LU,75,150,379882.87,1.31
vera,B,smt,LU,76,152,377321.07,1.32
vera,B,smt,LU,77,154,376712.5,1.32
vera,B,smt,LU,78,156,379284.17,1.32
vera,B,smt,LU,79,158,376850.7,1.32
vera,B,smt,LU,80,160,377016.16,1.32
vera,B,smt,LU,81,162,379468.44,1.31
vera,B,smt,LU,82,164,380332.04,1.31
vera,B,smt,LU,83,166,379194.19,1.32
vera,B,smt,LU,84,168,379357.85,1.31
vera,B,smt,LU,85,170,381186.03,1.31
vera,B,smt,LU,86,172,382817.66,1.3
vera,B,smt,LU,87,174,381187.91,1.31
vera,B,smt,LU,88,176,377352.51,1.32
vera,B,smt,MG,1,2,12984.74,1.5
vera,B,smt,MG,2,4,26016.23,0.75
vera,B,smt,MG,3,6,38833.31,0.5
vera,B,smt,MG,4,8,51187.17,0.38
vera,B,smt,MG,5,10,63068.84,0.31
vera,B,smt,MG,6,12,75656.74,0.26
vera,B,smt,MG,7,14,87313.44,0.22
vera,B,smt,MG,8,16,97655.47,0.2
vera,B,smt,MG,9,18,110137.17,0.18
vera,B,smt,MG,10,20,121564.41,0.16
vera,B,smt,MG,11,22,132040.91,0.15
vera,B,smt,MG,12,24,142427.34,0.14
vera,B,smt,MG,13,26,153153.05,0.13
vera,B,smt,MG,14,28,158869.94,0.12
vera,B,smt,MG,15,30,168273.7,0.12
vera,B,smt,MG,16,32,171562.56,0.11
vera,B,smt,MG,17,34,187045.58,0.1
vera,B,smt,MG,18,36,196218.37,0.1
vera,B,smt,MG,19,38,204771.82,0.1
vera,B,smt,MG,20,40,212950.26,0.09
vera,B,smt,MG,21,42,220871.2,0.09
vera,B,smt,MG,22,44,227961.93,0.09
vera,B,smt,MG,23,46,227451.88,0.09
vera,B,smt,MG,24,48,244149.37,0.08
vera,B,smt,MG,25,50,250128.6,0.08
vera,B,smt,MG,26,52,233867.26,0.08
vera,B,smt,MG,27,54,258869.66,0.08
vera,B,smt,MG,28,56,268101.28,0.07
vera,B,smt,MG,29,58,272087.27,0.07
vera,B,smt,MG,30,60,254488.84,0.08
vera,B,smt,MG,31,62,283247.87,0.07
vera,B,smt,MG,32,64,290612.6,0.07
vera,B,smt,MG,33,66,272054.9,0.07
vera,B,smt,MG,34,68,298079.36,0.07
vera,B,smt,MG,35,70,300858.31,0.06
vera,B,smt,MG,36,72,276579.5,0.07
vera,B,smt,MG,37,74,312340.47,0.06
vera,B,smt,MG,38,76,296974.36,0.07
vera,B,smt,MG,39,78,321275.15,0.06
vera,B,smt,MG,40,80,323115.0,0.06
vera,B,smt,MG,41,82,323400.87,0.06
vera,B,smt,MG,42,84,326884.02,0.06
vera,B,smt,MG,43,86,330929.04,0.06
vera,B,smt,MG,44,88,336084.53,0.06
vera,B,smt,MG,45,90,341694.39,0.06
vera,B,smt,MG,46,92,337824.38,0.06
vera,B,smt,MG,47,94,345114.65,0.06
vera,B,smt,MG,48,96,346815.91,0.06
vera,B,smt,MG,49,98,346533.49,0.06
vera,B,smt,MG,50,100,350972.48,0.06
vera,B,smt,MG,51,102,340627.54,0.06
vera,B,smt,MG,52,104,359400.57,0.05
vera,B,smt,MG,53,106,358181.15,0.05
vera,B,smt,MG,54,108,359848.14,0.05
vera,B,smt,MG,55,110,361463.7,0.05
vera,B,smt,MG,56,112,335556.08,0.06
vera,B,smt,MG,57,114,368075.51,0.05
vera,B,smt,MG,58,116,341394.14,0.06
vera,B,smt,MG,59,118,375239.26,0.05
vera,B,smt,MG,60,120,375661.05,0.05
vera,B,smt,MG,61,122,380057.84,0.05
vera,B,smt,MG,62,124,377196.98,0.05
vera,B,smt,MG,63,126,377547.14,0.05
vera,B,smt,MG,64,128,386788.44,0.05
vera,B,smt,MG,65,130,318100.67,0.06
vera,B,smt,MG,66,132,382624.37,0.05
vera,B,smt,MG,67,134,379722.84,0.05
vera,B,smt,MG,68,136,385166.93,0.05
vera,B,smt,MG,69,138,344629.99,0.06
vera,B,smt,MG,70,140,382604.38,0.05
vera,B,smt,MG,71,142,388028.98,0.05
vera,B,smt,MG,72,144,386317.46,0.05
vera,B,smt,MG,73,146,388691.67,0.05
vera,B,smt,MG,74,148,385205.83,0.05
vera,B,smt,MG,75,150,375158.97,0.05
vera,B,smt,MG,76,152,345078.39,0.06
vera,B,smt,MG,77,154,331869.77,0.06
vera,B,smt,MG,78,156,332290.03,0.06
vera,B,smt,MG,79,158,388148.29,0.05
vera,B,smt,MG,80,160,393808.81,0.05
vera,B,smt,MG,81,162,398330.18,0.05
vera,B,smt,MG,82,164,390664.96,0.05
vera,B,smt,MG,83,166,392874.47,0.05
vera,B,smt,MG,84,168,366214.36,0.05
vera,B,smt,MG,85,170,322273.27,0.06
vera,B,smt,MG,86,172,388468.68,0.05
vera,B,smt,MG,87,174,390197.61,0.05
vera,B,smt,MG,88,176,344654.12,0.06
vera,B,smt,SP,1,2,11251.41,31.55
vera,B,smt,SP,2,4,22685.84,15.65
vera,B,smt,SP,3,6,34022.18,10.43
vera,B,smt,SP,4,8,45322.53,7.83
vera,B,smt,SP,5,10,56514.13,6.28
vera,B,smt,SP,6,12,67890.74,5.23
vera,B,smt,SP,7,14,78485.68,4.52
vera,B,smt,SP,8,16,89383.84,3.97
vera,B,smt,SP,9,18,100290.12,3.54
vera,B,smt,SP,10,20,111253.82,3.19
vera,B,smt,SP,11,22,121115.56,2.93
vera,B,smt,SP,12,24,128880.13,2.75
vera,B,smt,SP,13,26,141285.86,2.51
vera,B,smt,SP,14,28,152583.0,2.33
vera,B,smt,SP,15,30,163091.28,2.18
vera,B,smt,SP,16,32,171501.99,2.07
vera,B,smt,SP,17,34,183263.55,1.94
vera,B,smt,SP,18,36,193339.47,1.84
vera,B,smt,SP,19,38,203221.73,1.75
vera,B,smt,SP,20,40,214275.43,1.66
vera,B,smt,SP,21,42,221775.96,1.6
vera,B,smt,SP,22,44,230378.64,1.54
vera,B,smt,SP,23,46,239960.75,1.48
vera,B,smt,SP,24,48,252352.49,1.41
vera,B,smt,SP,25,50,263249.0,1.35
vera,B,smt,SP,26,52,270931.49,1.31
vera,B,smt,SP,27,54,282685.04,1.26
vera,B,smt,SP,28,56,294474.66,1.21
vera,B,smt,SP,29,58,303581.49,1.17
vera,B,smt,SP,30,60,314678.38,1.13
vera,B,smt,SP,31,62,324222.8,1.09
vera,B,smt,SP,32,64,333027.82,1.07
vera,B,smt,SP,33,66,342805.37,1.04
vera,B,smt,SP,34,68,351846.91,1.01
vera,B,smt,SP,35,70,353744.55,1.0
vera,B,smt,SP,36,72,368536.58,0.96
vera,B,smt,SP,37,74,376949.87,0.94
vera,B,smt,SP,38,76,385627.19,0.92
vera,B,smt,SP,39,78,396202.02,0.9
vera,B,smt,SP,40,80,405502.37,0.88
vera,B,smt,SP,41,82,416157.68,0.85
vera,B,smt,SP,42,84,421322.76,0.84
vera,B,smt,SP,43,86,431783.29,0.82
vera,B,smt,SP,44,88,442517.36,0.8
vera,B,smt,SP,45,90,449901.47,0.79
vera,B,smt,SP,46,92,459543.12,0.77
vera,B,smt,SP,47,94,465041.74,0.76
vera,B,smt,SP,48,96,470587.07,0.75
vera,B,smt,SP,49,98,474331.38,0.75
vera,B,smt,SP,50,100,471076.64,0.75
vera,B,smt,SP,51,102,490165.13,0.72
vera,B,smt,SP,52,104,496074.53,0.72
vera,B,smt,SP,53,106,505641.36,0.7
vera,B,smt,SP,54,108,509608.31,0.7
vera,B,smt,SP,55,110,518134.57,0.69
vera,B,smt,SP,56,112,517317.38,0.69
vera,B,smt,SP,57,114,528948.55,0.67
vera,B,smt,SP,58,116,532360.8,0.67
vera,B,smt,SP,59,118,538900.03,0.66
vera,B,smt,SP,60,120,547974.4,0.65
vera,B,smt,SP,61,122,549796.93,0.65
vera,B,smt,SP,62,124,557520.63,0.64
vera,B,smt,SP,63,126,559354.52,0.63
vera,B,smt,SP,64,128,566185.97,0.63
vera,B,smt,SP,65,130,574709.37,0.62
vera,B,smt,SP,66,132,575576.62,0.62
vera,B,smt,SP,67,134,583739.14,0.61
vera,B,smt,SP,68,136,585417.28,0.61
vera,B,smt,SP,69,138,593350.38,0.6
vera,B,smt,SP,70,140,594379.66,0.6
vera,B,smt,SP,71,142,606290.69,0.59
vera,B,smt,SP,72,144,610063.4,0.58
vera,B,smt,SP,73,146,609037.89,0.58
vera,B,smt,SP,74,148,617476.32,0.57
vera,B,smt,SP,75,150,623853.9,0.57
vera,B,smt,SP,76,152,627032.55,0.57
vera,B,smt,SP,77,154,633809.55,0.56
vera,B,smt,SP,78,156,634425.33,0.56
vera,B,smt,SP,79,158,636378.35,0.56
vera,B,smt,SP,80,160,640813.53,0.55
vera,B,smt,SP,81,162,646636.25,0.55
vera,B,smt,SP,82,164,651969.09,0.54
vera,B,smt,SP,83,166,652986.67,0.54
vera,B,smt,SP,84,168,658911.3,0.54
vera,B,smt,SP,85,170,668241.33,0.53
vera,B,smt,SP,86,172,668946.92,0.53
vera,B,smt,SP,87,174,670138.83,0.53
vera,B,smt,SP,88,176,666640.51,0.53
vera,B,smt,UA,1,2,48.61,45.44
vera,B,smt,UA,2,4,94.54,23.36
vera,B,smt,UA,3,6,137.98,16.01
vera,B,smt,UA,4,8,177.49,12.44
vera,B,smt,UA,5,10,214.56,10.29
vera,B,smt,UA,6,12,250.75,8.81
vera,B,smt,UA,7,14,285.39,7.74
vera,B,smt,UA,8,16,319.89,6.9
vera,B,smt,UA,9,18,354.07,6.24
vera,B,smt,UA,10,20,381.65,5.79
vera,B,smt,UA,11,22,413.09,5.35
vera,B,smt,UA,12,24,434.89,5.08
vera,B,smt,UA,13,26,472.38,4.68
vera,B,smt,UA,14,28,501.8,4.4
vera,B,smt,UA,15,30,527.99,4.18
vera,B,smt,UA,16,32,559.67,3.95
vera,B,smt,UA,17,34,581.51,3.8
vera,B,smt,UA,18,36,610.35,3.62
vera,B,smt,UA,19,38,632.96,3.49
vera,B,smt,UA,20,40,651.88,3.39
vera,B,smt,UA,21,42,677.34,3.26
vera,B,smt,UA,22,44,702.02,3.15
vera,B,smt,UA,23,46,728.2,3.03
vera,B,smt,UA,24,48,742.57,2.97
vera,B,smt,UA,25,50,762.97,2.9
vera,B,smt,UA,26,52,783.1,2.82
vera,B,smt,UA,27,54,805.14,2.74
vera,B,smt,UA,28,56,820.2,2.69
vera,B,smt,UA,29,58,837.53,2.64
vera,B,smt,UA,30,60,854.31,2.59
vera,B,smt,UA,31,62,869.42,2.54
vera,B,smt,UA,32,64,890.95,2.48
vera,B,smt,UA,33,66,904.18,2.44
vera,B,smt,UA,34,68,922.05,2.4
vera,B,smt,UA,35,70,933.11,2.37
vera,B,smt,UA,36,72,940.17,2.35
vera,B,smt,UA,37,74,948.23,2.33
vera,B,smt,UA,38,76,965.09,2.29
vera,B,smt,UA,39,78,966.62,2.29
vera,B,smt,UA,40,80,977.51,2.26
vera,B,smt,UA,41,82,997.23,2.22
vera,B,smt,UA,42,84,1003.53,2.2
vera,B,smt,UA,43,86,1013.67,2.18
vera,B,smt,UA,44,88,1040.54,2.12
vera,B,smt,UA,45,90,1034.95,2.13
vera,B,smt,UA,46,92,1044.41,2.11
vera,B,smt,UA,47,94,1051.23,2.1
vera,B,smt,UA,48,96,1047.35,2.11
vera,B,smt,UA,49,98,1058.95,2.09
vera,B,smt,UA,50,100,1069.08,2.07
vera,B,smt,UA,51,102,1078.16,2.05
vera,B,smt,UA,52,104,1093.24,2.02
vera,B,smt,UA,53,106,1088.61,2.03
vera,B,smt,UA,54,108,1092.49,2.02
vera,B,smt,UA,55,110,1100.75,2.01
vera,B,smt,UA,56,112,1103.31,2.0
vera,B,smt,UA,57,114,1113.72,1.98
vera,B,smt,UA,58,116,1123.84,1.97
vera,B,smt,UA,59,118,1119.39,1.97
vera,B,smt,UA,60,120,1117.54,1.98
vera,B,smt,UA,61,122,1123.41,1.97
vera,B,smt,UA,62,124,1129.52,1.96
vera,B,smt,UA,63,126,1138.6,1.94
vera,B,smt,UA,64,128,1130.84,1.95
vera,B,smt,UA,65,130,1143.22,1.93
vera,B,smt,UA,66,132,1138.38,1.94
vera,B,smt,UA,67,134,1142.22,1.93
vera,B,smt,UA,68,136,1144.31,1.93
vera,B,smt,UA,69,138,1147.09,1.93
vera,B,smt,UA,70,140,1156.78,1.91
vera,B,smt,UA,71,142,1156.4,1.91
vera,B,smt,UA,72,144,1171.07,1.89
vera,B,smt,UA,73,146,1164.6,1.9
vera,B,smt,UA,74,148,1151.7,1.92
vera,B,smt,UA,75,150,1166.26,1.89
vera,B,smt,UA,76,152,1158.75,1.91
vera,B,smt,UA,77,154,1165.28,1.9
vera,B,smt,UA,78,156,1156.51,1.91
vera,B,smt,UA,79,158,1174.71,1.88
vera,B,smt,UA,80,160,1160.57,1.9
vera,B,smt,UA,81,162,1167.11,1.89
vera,B,smt,UA,82,164,1168.99,1.89
vera,B,smt,UA,83,166,1177.72,1.88
vera,B,smt,UA,84,168,1176.13,1.88
vera,B,smt,UA,85,170,1129.96,1.95
vera,B,smt,UA,86,172,1179.95,1.87
vera,B,smt,UA,87,174,1155.95,1.91
vera,B,smt,UA,88,176,1136.98,1.94
turin-9r45,B,base,BT,1,1,9108.76,77.09
turin-9r45,B,base,BT,2,2,17773.09,39.51
turin-9r45,B,base,BT,3,3,26333.79,26.66
turin-9r45,B,base,BT,4,4,34071.13,20.61
turin-9r45,B,base,BT,5,5,41670.74,16.85
turin-9r45,B,base,BT,6,6,48567.67,14.46
turin-9r45,B,base,BT,7,7,55144.28,12.73
turin-9r45,B,base,BT,8,8,60000.24,11.7
turin-9r45,B,base,BT,9,9,61140.43,11.48
turin-9r45,B,base,BT,10,10,68132.28,10.31
turin-9r45,B,base,BT,11,11,80543.89,8.72
turin-9r45,B,base,BT,12,12,89742.59,7.82
turin-9r45,B,base,BT,13,13,96355.68,7.29
turin-9r45,B,base,BT,14,14,104913.24,6.69
turin-9r45,B,base,BT,15,15,113448.36,6.19
turin-9r45,B,base,BT,16,16,120940.33,5.81
turin-9r45,B,base,BT,17,17,125263.81,5.61
turin-9r45,B,base,BT,18,18,135873.02,5.17
turin-9r45,B,base,BT,19,19,142706.83,4.92
turin-9r45,B,base,BT,20,20,150809.12,4.66
turin-9r45,B,base,BT,21,21,161202.74,4.36
turin-9r45,B,base,BT,22,22,167743.91,4.19
turin-9r45,B,base,BT,23,23,174848.45,4.02
turin-9r45,B,base,BT,24,24,184305.37,3.81
turin-9r45,B,base,BT,25,25,186214.95,3.77
turin-9r45,B,base,BT,26,26,193351.9,3.63
turin-9r45,B,base,BT,27,27,202028.68,3.48
turin-9r45,B,base,BT,28,28,207081.12,3.39
turin-9r45,B,base,BT,29,29,216497.24,3.24
turin-9r45,B,base,BT,30,30,222202.38,3.16
turin-9r45,B,base,BT,31,31,227230.96,3.09
turin-9r45,B,base,BT,32,32,236319.83,2.97
turin-9r45,B,base,BT,33,33,241958.9,2.9
turin-9r45,B,base,BT,34,34,240581.07,2.92
turin-9r45,B,base,BT,35,35,245139.89,2.86
turin-9r45,B,base,BT,36,36,257895.57,2.72
turin-9r45,B,base,BT,37,37,263348.28,2.67
turin-9r45,B,base,BT,38,38,268920.01,2.61
turin-9r45,B,base,BT,39,39,275156.24,2.55
turin-9r45,B,base,BT,40,40,280256.37,2.51
turin-9r45,B,base,BT,41,41,286134.63,2.45
turin-9r45,B,base,BT,42,42,291073.69,2.41
turin-9r45,B,base,BT,43,43,297010.54,2.36
turin-9r45,B,base,BT,44,44,304535.25,2.31
turin-9r45,B,base,BT,45,45,308299.56,2.28
turin-9r45,B,base,BT,46,46,315497.78,2.23
turin-9r45,B,base,BT,47,47,313696.6,2.24
turin-9r45,B,base,BT,48,48,319125.25,2.2
turin-9r45,B,base,BT,49,49,326306.34,2.15
turin-9r45,B,base,BT,50,50,325434.77,2.16
turin-9r45,B,base,BT,51,51,334847.21,2.1
turin-9r45,B,base,BT,52,52,339305.99,2.07
turin-9r45,B,base,BT,53,53,341448.68,2.06
turin-9r45,B,base,BT,54,54,349047.2,2.01
turin-9r45,B,base,BT,55,55,352576.15,1.99
turin-9r45,B,base,BT,56,56,357808.17,1.96
turin-9r45,B,base,BT,57,57,358144.09,1.96
turin-9r45,B,base,BT,58,58,364864.93,1.92
turin-9r45,B,base,BT,59,59,367437.24,1.91
turin-9r45,B,base,BT,60,60,371758.72,1.89
turin-9r45,B,base,BT,61,61,375174.88,1.87
turin-9r45,B,base,BT,62,62,379598.35,1.85
turin-9r45,B,base,BT,63,63,384398.81,1.83
turin-9r45,B,base,BT,64,64,388994.19,1.81
turin-9r45,B,base,BT,65,65,392454.35,1.79
turin-9r45,B,base,BT,66,66,395149.71,1.78
turin-9r45,B,base,BT,67,67,397523.88,1.77
turin-9r45,B,base,BT,68,68,399250.08,1.76
turin-9r45,B,base,BT,69,69,404553.18,1.74
turin-9r45,B,base,BT,70,70,407010.6,1.73
turin-9r45,B,base,BT,71,71,409677.04,1.71
turin-9r45,B,base,BT,72,72,414817.27,1.69
turin-9r45,B,base,BT,73,73,416763.85,1.68
turin-9r45,B,base,BT,74,74,419590.44,1.67
turin-9r45,B,base,BT,75,75,421626.19,1.67
turin-9r45,B,base,BT,76,76,427011.79,1.64
turin-9r45,B,base,BT,77,77,429071.56,1.64
turin-9r45,B,base,BT,78,78,430449.78,1.63
turin-9r45,B,base,BT,79,79,433986.39,1.62
turin-9r45,B,base,BT,80,80,439252.15,1.6
turin-9r45,B,base,BT,81,81,439182.76,1.6
turin-9r45,B,base,BT,82,82,439984.61,1.6
turin-9r45,B,base,BT,83,83,443225.81,1.58
turin-9r45,B,base,BT,84,84,446962.39,1.57
turin-9r45,B,base,BT,85,85,449958.33,1.56
turin-9r45,B,base,BT,86,86,451248.92,1.56
turin-9r45,B,base,BT,87,87,454433.3,1.55
turin-9r45,B,base,BT,88,88,460504.67,1.52
turin-9r45,B,base,BT,89,89,461907.83,1.52
turin-9r45,B,base,BT,90,90,462752.95,1.52
turin-9r45,B,base,BT,91,91,462124.14,1.52
turin-9r45,B,base,BT,92,92,465426.96,1.51
turin-9r45,B,base,BT,93,93,470027.25,1.49
turin-9r45,B,base,BT,94,94,470352.44,1.49
turin-9r45,B,base,BT,95,95,474630.69,1.48
turin-9r45,B,base,BT,96,96,474938.0,1.48
turin-9r45,B,base,CG,1,1,2668.09,20.5
turin-9r45,B,base,CG,2,2,4589.59,11.92
turin-9r45,B,base,CG,3,3,6791.98,8.05
turin-9r45,B,base,CG,4,4,8289.4,6.6
turin-9r45,B,base,CG,5,5,8929.53,6.13
turin-9r45,B,base,CG,6,6,9453.07,5.79
turin-9r45,B,base,CG,7,7,9877.4,5.54
turin-9r45,B,base,CG,8,8,10031.96,5.45
turin-9r45,B,base,CG,9,9,11144.6,4.91
turin-9r45,B,base,CG,10,10,12638.1,4.33
turin-9r45,B,base,CG,11,11,14310.62,3.82
turin-9r45,B,base,CG,12,12,15993.99,3.42
turin-9r45,B,base,CG,13,13,17736.44,3.08
turin-9r45,B,base,CG,14,14,19428.07,2.82
turin-9r45,B,base,CG,15,15,21254.19,2.57
turin-9r45,B,base,CG,16,16,22540.99,2.43
turin-9r45,B,base,CG,17,17,24711.49,2.21
turin-9r45,B,base,CG,18,18,26238.89,2.09
turin-9r45,B,base,CG,19,19,28680.59,1.91
turin-9r45,B,base,CG,20,20,31470.18,1.74
turin-9r45,B,base,CG,21,21,33535.32,1.63
turin-9r45,B,base,CG,22,22,36445.33,1.5
turin-9r45,B,base,CG,23,23,39031.87,1.4
turin-9r45,B,base,CG,24,24,42570.72,1.29
turin-9r45,B,base,CG,25,25,45778.22,1.2
turin-9r45,B,base,CG,26,26,49458.82,1.11
turin-9r45,B,base,CG,27,27,52682.27,1.04
turin-9r45,B,base,CG,28,28,55210.69,0.99
turin-9r45,B,base,CG,29,29,58035.76,0.94
turin-9r45,B,base,CG,30,30,62056.69,0.88
turin-9r45,B,base,CG,31,31,65368.66,0.84
turin-9r45,B,base,CG,32,32,67729.26,0.81
turin-9r45,B,base,CG,33,33,71359.79,0.77
turin-9r45,B,base,CG,34,34,74055.68,0.74
turin-9r45,B,base,CG,35,35,77373.32,0.71
turin-9r45,B,base,CG,36,36,77598.73,0.71
turin-9r45,B,base,CG,37,37,80904.1,0.68
turin-9r45,B,base,CG,38,38,83820.51,0.65
turin-9r45,B,base,CG,39,39,86589.89,0.63
turin-9r45,B,base,CG,40,40,88259.01,0.62
turin-9r45,B,base,CG,41,41,78062.37,0.7
turin-9r45,B,base,CG,42,42,89068.38,0.61
turin-9r45,B,base,CG,43,43,92362.92,0.59
turin-9r45,B,base,CG,44,44,94221.2,0.58
turin-9r45,B,base,CG,45,45,95541.13,0.57
turin-9r45,B,base,CG,46,46,98435.81,0.56
turin-9r45,B,base,CG,47,47,98759.66,0.55
turin-9r45,B,base,CG,48,48,102587.41,0.53
turin-9r45,B,base,CG,49,49,79347.74,0.69
turin-9r45,B,base,CG,50,50,97554.18,0.56
turin-9r45,B,base,CG,51,51,103281.84,0.53
turin-9r45,B,base,CG,52,52,106387.95,0.51
turin-9r45,B,base,CG,53,53,107187.2,0.51
turin-9r45,B,base,CG,54,54,106008.85,0.52
turin-9r45,B,base,CG,55,55,110562.18,0.49
turin-9r45,B,base,CG,56,56,108940.08,0.5
turin-9r45,B,base,CG,57,57,84211.8,0.65
turin-9r45,B,base,CG,58,58,105654.09,0.52
turin-9r45,B,base,CG,59,59,114782.24,0.48
turin-9r45,B,base,CG,60,60,111244.75,0.49
turin-9r45,B,base,CG,61,61,119080.57,0.46
turin-9r45,B,base,CG,62,62,116719.6,0.47
turin-9r45,B,base,CG,63,63,118010.31,0.46
turin-9r45,B,base,CG,64,64,117823.52,0.46
turin-9r45,B,base,CG,65,65,92440.24,0.59
turin-9r45,B,base,CG,66,66,105845.95,0.52
turin-9r45,B,base,CG,67,67,118198.73,0.46
turin-9r45,B,base,CG,68,68,119999.08,0.46
turin-9r45,B,base,CG,69,69,122974.48,0.44
turin-9r45,B,base,CG,70,70,126141.8,0.43
turin-9r45,B,base,CG,71,71,127130.76,0.43
turin-9r45,B,base,CG,72,72,121832.14,0.45
turin-9r45,B,base,CG,73,73,93685.89,0.58
turin-9r45,B,base,CG,74,74,109376.67,0.5
turin-9r45,B,base,CG,75,75,118545.9,0.46
turin-9r45,B,base,CG,76,76,124701.02,0.44
turin-9r45,B,base,CG,77,77,122096.29,0.45
turin-9r45,B,base,CG,78,78,127459.06,0.43
turin-9r45,B,base,CG,79,79,126799.12,0.43
turin-9r45,B,base,CG,80,80,127911.46,0.43
turin-9r45,B,base,CG,81,81,90420.85,0.61
turin-9r45,B,base,CG,82,82,116382.23,0.47
turin-9r45,B,base,CG,83,83,123083.02,0.44
turin-9r45,B,base,CG,84,84,127882.1,0.43
turin-9r45,B,base,CG,85,85,131467.57,0.42
turin-9r45,B,base,CG,86,86,128902.84,0.42
turin-9r45,B,base,CG,87,87,131776.39,0.42
turin-9r45,B,base,CG,88,88,128172.6,0.43
turin-9r45,B,base,CG,89,89,90484.52,0.6
turin-9r45,B,base,CG,90,90,116281.3,0.47
turin-9r45,B,base,CG,91,91,123429.91,0.44
turin-9r45,B,base,CG,92,92,130348.07,0.42
turin-9r45,B,base,CG,93,93,130782.83,0.42
turin-9r45,B,base,CG,94,94,131090.59,0.42
turin-9r45,B,base,CG,95,95,134800.9,0.41
turin-9r45,B,base,CG,96,96,131635.99,0.42
turin-9r45,B,base,EP,1,1,220.71,9.73
turin-9r45,B,base,EP,2,2,440.86,4.87
turin-9r45,B,base,EP,3,3,659.86,3.25
turin-9r45,B,base,EP,4,4,856.11,2.51
turin-9r45,B,base,EP,5,5,1064.42,2.02
turin-9r45,B,base,EP,6,6,690.95,3.11
turin-9r45,B,base,EP,7,7,806.92,2.66
turin-9r45,B,base,EP,8,8,1680.13,1.28
turin-9r45,B,base,EP,9,9,1032.65,2.08
turin-9r45,B,base,EP,10,10,1147.69,1.87
turin-9r45,B,base,EP,11,11,2316.65,0.93
turin-9r45,B,base,EP,12,12,1376.64,1.56
turin-9r45,B,base,EP,13,13,2735.72,0.78
turin-9r45,B,base,EP,14,14,2945.56,0.73
turin-9r45,B,base,EP,15,15,1717.87,1.25
turin-9r45,B,base,EP,16,16,1832.06,1.17
turin-9r45,B,base,EP,17,17,3560.27,0.6
turin-9r45,B,base,EP,18,18,3767.88,0.57
turin-9r45,B,base,EP,19,19,3979.71,0.54
turin-9r45,B,base,EP,20,20,4053.08,0.53
turin-9r45,B,base,EP,21,21,2404.13,0.89
turin-9r45,B,base,EP,22,22,2520.81,0.85
turin-9r45,B,base,EP,23,23,2628.69,0.82
turin-9r45,B,base,EP,24,24,5049.3,0.43
turin-9r45,B,base,EP,25,25,5265.03,0.41
turin-9r45,B,base,EP,26,26,5468.01,0.39
turin-9r45,B,base,EP,27,27,5678.22,0.38
turin-9r45,B,base,EP,28,28,5846.86,0.37
turin-9r45,B,base,EP,29,29,5908.28,0.36
turin-9r45,B,base,EP,30,30,3434.8,0.63
turin-9r45,B,base,EP,31,31,3550.01,0.6
turin-9r45,B,base,EP,32,32,6686.12,0.32
turin-9r45,B,base,EP,33,33,6833.22,0.31
turin-9r45,B,base,EP,34,34,3877.52,0.55
turin-9r45,B,base,EP,35,35,3977.73,0.54
turin-9r45,B,base,EP,36,36,4103.78,0.52
turin-9r45,B,base,EP,37,37,4212.26,0.51
turin-9r45,B,base,EP,38,38,4300.19,0.5
turin-9r45,B,base,EP,39,39,4413.69,0.49
turin-9r45,B,base,EP,40,40,4512.84,0.48
turin-9r45,B,base,EP,41,41,4601.07,0.47
turin-9r45,B,base,EP,42,42,8435.05,0.25
turin-9r45,B,base,EP,43,43,4810.36,0.45
turin-9r45,B,base,EP,44,44,4903.4,0.44
turin-9r45,B,base,EP,45,45,5003.82,0.43
turin-9r45,B,base,EP,46,46,5105.31,0.42
turin-9r45,B,base,EP,47,47,5187.21,0.41
turin-9r45,B,base,EP,48,48,5301.62,0.41
turin-9r45,B,base,EP,49,49,5375.97,0.4
turin-9r45,B,base,EP,50,50,5486.66,0.39
turin-9r45,B,base,EP,51,51,5577.04,0.39
turin-9r45,B,base,EP,52,52,5670.56,0.38
turin-9r45,B,base,EP,53,53,5751.9,0.37
turin-9r45,B,base,EP,54,54,5866.51,0.37
turin-9r45,B,base,EP,55,55,5933.76,0.36
turin-9r45,B,base,EP,56,56,6017.32,0.36
turin-9r45,B,base,EP,57,57,10603.72,0.2
turin-9r45,B,base,EP,58,58,6213.71,0.35
turin-9r45,B,base,EP,59,59,6293.36,0.34
turin-9r45,B,base,EP,60,60,6379.24,0.34
turin-9r45,B,base,EP,61,61,6466.18,0.33
turin-9r45,B,base,EP,62,62,6570.68,0.33
turin-9r45,B,base,EP,63,63,6655.77,0.32
turin-9r45,B,base,EP,64,64,6735.55,0.32
turin-9r45,B,base,EP,65,65,6826.26,0.31
turin-9r45,B,base,EP,66,66,6892.23,0.31
turin-9r45,B,base,EP,67,67,6989.56,0.31
turin-9r45,B,base,EP,68,68,7095.43,0.3
turin-9r45,B,base,EP,69,69,7163.04,0.3
turin-9r45,B,base,EP,70,70,7242.2,0.3
turin-9r45,B,base,EP,71,71,7356.58,0.29
turin-9r45,B,base,EP,72,72,7406.57,0.29
turin-9r45,B,base,EP,73,73,7497.79,0.29
turin-9r45,B,base,EP,74,74,7554.88,0.28
turin-9r45,B,base,EP,75,75,7663.96,0.28
turin-9r45,B,base,EP,76,76,7751.12,0.28
turin-9r45,B,base,EP,77,77,7806.79,0.28
turin-9r45,B,base,EP,78,78,7879.57,0.27
turin-9r45,B,base,EP,79,79,7966.15,0.27
turin-9r45,B,base,EP,80,80,8060.8,0.27
turin-9r45,B,base,EP,81,81,8126.42,0.26
turin-9r45,B,base,EP,82,82,8207.48,0.26
turin-9r45,B,base,EP,83,83,8258.79,0.26
turin-9r45,B,base,EP,84,84,8398.04,0.26
turin-9r45,B,base,EP,85,85,8416.97,0.26
turin-9r45,B,base,EP,86,86,8516.13,0.25
turin-9r45,B,base,EP,87,87,8396.71,0.26
turin-9r45,B,base,EP,88,88,8644.9,0.25
turin-9r45,B,base,EP,89,89,8708.62,0.25
turin-9r45,B,base,EP,90,90,8841.15,0.24
turin-9r45,B,base,EP,91,91,8869.33,0.24
turin-9r45,B,base,EP,92,92,8879.71,0.24
turin-9r45,B,base,EP,93,93,8937.56,0.24
turin-9r45,B,base,EP,94,94,9023.93,0.24
turin-9r45,B,base,EP,95,95,9092.53,0.24
turin-9r45,B,base,EP,96,96,9194.1,0.23
turin-9r45,B,base,FT,1,1,6413.38,14.35
turin-9r45,B,base,FT,2,2,12124.8,7.59
turin-9r45,B,base,FT,3,3,17566.79,5.24
turin-9r45,B,base,FT,4,4,22179.68,4.15
turin-9r45,B,base,FT,5,5,26428.93,3.48
turin-9r45,B,base,FT,6,6,30597.44,3.01
turin-9r45,B,base,FT,7,7,34378.07,2.68
turin-9r45,B,base,FT,8,8,37517.11,2.45
turin-9r45,B,base,FT,9,9,39777.42,2.31
turin-9r45,B,base,FT,10,10,43373.42,2.12
turin-9r45,B,base,FT,11,11,47296.1,1.95
turin-9r45,B,base,FT,12,12,51326.26,1.79
turin-9r45,B,base,FT,13,13,55726.26,1.65
turin-9r45,B,base,FT,14,14,60852.1,1.51
turin-9r45,B,base,FT,15,15,68821.76,1.34
turin-9r45,B,base,FT,16,16,73842.27,1.25
turin-9r45,B,base,FT,17,17,75407.59,1.22
turin-9r45,B,base,FT,18,18,78417.83,1.17
turin-9r45,B,base,FT,19,19,80293.45,1.15
turin-9r45,B,base,FT,20,20,83408.7,1.1
turin-9r45,B,base,FT,21,21,86908.57,1.06
turin-9r45,B,base,FT,22,22,98484.46,0.93
turin-9r45,B,base,FT,23,23,101992.81,0.9
turin-9r45,B,base,FT,24,24,106282.26,0.87
turin-9r45,B,base,FT,25,25,109294.26,0.84
turin-9r45,B,base,FT,26,26,110609.62,0.83
turin-9r45,B,base,FT,27,27,112677.3,0.82
turin-9r45,B,base,FT,28,28,114248.38,0.81
turin-9r45,B,base,FT,29,29,117203.72,0.79
turin-9r45,B,base,FT,30,30,126463.38,0.73
turin-9r45,B,base,FT,31,31,129671.58,0.71
turin-9r45,B,base,FT,32,32,133399.07,0.69
turin-9r45,B,base,FT,33,33,134571.34,0.68
turin-9r45,B,base,FT,34,34,136305.33,0.68
turin-9r45,B,base,FT,35,35,137878.22,0.67
turin-9r45,B,base,FT,36,36,139839.62,0.66
turin-9r45,B,base,FT,37,37,148565.35,0.62
turin-9r45,B,base,FT,38,38,151797.38,0.61
turin-9r45,B,base,FT,39,39,152674.52,0.6
turin-9r45,B,base,FT,40,40,157036.53,0.59
turin-9r45,B,base,FT,41,41,158642.32,0.58
turin-9r45,B,base,FT,42,42,158751.19,0.58
turin-9r45,B,base,FT,43,43,160830.58,0.57
turin-9r45,B,base,FT,44,44,165001.45,0.56
turin-9r45,B,base,FT,45,45,171975.46,0.54
turin-9r45,B,base,FT,46,46,172670.06,0.53
turin-9r45,B,base,FT,47,47,176562.1,0.52
turin-9r45,B,base,FT,48,48,179441.17,0.51
turin-9r45,B,base,FT,49,49,181243.31,0.51
turin-9r45,B,base,FT,50,50,183157.28,0.5
turin-9r45,B,base,FT,51,51,183142.94,0.5
turin-9r45,B,base,FT,52,52,187247.88,0.49
turin-9r45,B,base,FT,53,53,189888.04,0.48
turin-9r45,B,base,FT,54,54,194128.1,0.47
turin-9r45,B,base,FT,55,55,195043.8,0.47
turin-9r45,B,base,FT,56,56,198538.27,0.46
turin-9r45,B,base,FT,57,57,199996.31,0.46
turin-9r45,B,base,FT,58,58,202553.22,0.45
turin-9r45,B,base,FT,59,59,206035.39,0.45
turin-9r45,B,base,FT,60,60,204271.35,0.45
turin-9r45,B,base,FT,61,61,208139.45,0.44
turin-9r45,B,base,FT,62,62,213460.15,0.43
turin-9r45,B,base,FT,63,63,211235.31,0.44
turin-9r45,B,base,FT,64,64,215400.07,0.43
turin-9r45,B,base,FT,65,65,216623.5,0.42
turin-9r45,B,base,FT,66,66,220680.04,0.42
turin-9r45,B,base,FT,67,67,219811.18,0.42
turin-9r45,B,base,FT,68,68,223624.1,0.41
turin-9r45,B,base,FT,69,69,223816.19,0.41
turin-9r45,B,base,FT,70,70,226486.85,0.41
turin-9r45,B,base,FT,71,71,228241.85,0.4
turin-9r45,B,base,FT,72,72,228861.54,0.4
turin-9r45,B,base,FT,73,73,231375.93,0.4
turin-9r45,B,base,FT,74,74,230811.15,0.4
turin-9r45,B,base,FT,75,75,234514.66,0.39
turin-9r45,B,base,FT,76,76,234852.62,0.39
turin-9r45,B,base,FT,77,77,235940.64,0.39
turin-9r45,B,base,FT,78,78,235897.82,0.39
turin-9r45,B,base,FT,79,79,239790.39,0.38
turin-9r45,B,base,FT,80,80,239008.21,0.39
turin-9r45,B,base,FT,81,81,240802.52,0.38
turin-9r45,B,base,FT,82,82,246826.98,0.37
turin-9r45,B,base,FT,83,83,243667.07,0.38
turin-9r45,B,base,FT,84,84,244296.81,0.38
turin-9r45,B,base,FT,85,85,244753.31,0.38
turin-9r45,B,base,FT,86,86,245696.88,0.37
turin-9r45,B,base,FT,87,87,247095.08,0.37
turin-9r45,B,base,FT,88,88,248524.14,0.37
turin-9r45,B,base,FT,89,89,252798.83,0.36
turin-9r45,B,base,FT,90,90,253263.62,0.36
turin-9r45,B,base,FT,91,91,252572.3,0.36
turin-9r45,B,base,FT,92,92,253123.98,0.36
turin-9r45,B,base,FT,93,93,255330.82,0.36
turin-9r45,B,base,FT,94,94,255127.71,0.36
turin-9r45,B,base,FT,95,95,255344.21,0.36
turin-9r45,B,base,FT,96,96,256184.23,0.36
turin-9r45,B,base,LU,1,1,10362.27,48.14
turin-9r45,B,base,LU,2,2,20105.14,24.81
turin-9r45,B,base,LU,3,3,29208.57,17.08
turin-9r45,B,base,LU,4,4,38141.02,13.08
turin-9r45,B,base,LU,5,5,45837.46,10.88
turin-9r45,B,base,LU,6,6,52585.31,9.49
turin-9r45,B,base,LU,7,7,58118.14,8.58
turin-9r45,B,base,LU,8,8,63849.73,7.81
turin-9r45,B,base,LU,9,9,68327.51,7.3
turin-9r45,B,base,LU,10,10,78711.28,6.34
turin-9r45,B,base,LU,11,11,80291.26,6.21
turin-9r45,B,base,LU,12,12,87384.69,5.71
turin-9r45,B,base,LU,13,13,95432.04,5.23
turin-9r45,B,base,LU,14,14,98451.4,5.07
turin-9r45,B,base,LU,15,15,106419.05,4.69
turin-9r45,B,base,LU,16,16,107434.23,4.64
turin-9r45,B,base,LU,17,17,117764.23,4.24
turin-9r45,B,base,LU,18,18,120243.56,4.15
turin-9r45,B,base,LU,19,19,124175.8,4.02
turin-9r45,B,base,LU,20,20,135976.39,3.67
turin-9r45,B,base,LU,21,21,138818.26,3.59
turin-9r45,B,base,LU,22,22,140300.09,3.56
turin-9r45,B,base,LU,23,23,142863.91,3.49
turin-9r45,B,base,LU,24,24,143994.24,3.46
turin-9r45,B,base,LU,25,25,160012.24,3.12
turin-9r45,B,base,LU,26,26,161777.08,3.08
turin-9r45,B,base,LU,27,27,165039.35,3.02
turin-9r45,B,base,LU,28,28,167303.49,2.98
turin-9r45,B,base,LU,29,29,168648.41,2.96
turin-9r45,B,base,LU,30,30,170434.84,2.93
turin-9r45,B,base,LU,31,31,174090.7,2.87
turin-9r45,B,base,LU,32,32,175296.18,2.85
turin-9r45,B,base,LU,33,33,177174.54,2.82
turin-9r45,B,base,LU,34,34,198081.19,2.52
turin-9r45,B,base,LU,35,35,199390.33,2.5
turin-9r45,B,base,LU,36,36,201001.8,2.48
turin-9r45,B,base,LU,37,37,201255.85,2.48
turin-9r45,B,base,LU,38,38,199446.32,2.5
turin-9r45,B,base,LU,39,39,199469.26,2.5
turin-9r45,B,base,LU,40,40,199672.03,2.5
turin-9r45,B,base,LU,41,41,204917.15,2.43
turin-9r45,B,base,LU,42,42,206767.0,2.41
turin-9r45,B,base,LU,43,43,206976.76,2.41
turin-9r45,B,base,LU,44,44,207721.22,2.4
turin-9r45,B,base,LU,45,45,208054.99,2.4
turin-9r45,B,base,LU,46,46,212502.04,2.35
turin-9r45,B,base,LU,47,47,212516.05,2.35
turin-9r45,B,base,LU,48,48,211856.49,2.35
turin-9r45,B,base,LU,49,49,212925.7,2.34
turin-9r45,B,base,LU,50,50,238421.58,2.09
turin-9r45,B,base,LU,51,51,243771.79,2.05
turin-9r45,B,base,LU,52,52,245347.36,2.03
turin-9r45,B,base,LU,53,53,247288.53,2.02
turin-9r45,B,base,LU,54,54,248015.77,2.01
turin-9r45,B,base,LU,55,55,249078.33,2.0
turin-9r45,B,base,LU,56,56,250586.8,1.99
turin-9r45,B,base,LU,57,57,249842.87,2.0
turin-9r45,B,base,LU,58,58,251319.0,1.98
turin-9r45,B,base,LU,59,59,249212.15,2.0
turin-9r45,B,base,LU,60,60,247633.45,2.01
turin-9r45,B,base,LU,61,61,248969.71,2.0
turin-9r45,B,base,LU,62,62,247236.34,2.02
turin-9r45,B,base,LU,63,63,248528.26,2.01
turin-9r45,B,base,LU,64,64,244877.94,2.04
turin-9r45,B,base,LU,65,65,247141.2,2.02
turin-9r45,B,base,LU,66,66,242586.95,2.06
turin-9r45,B,base,LU,67,67,241799.18,2.06
turin-9r45,B,base,LU,68,68,243009.22,2.05
turin-9r45,B,base,LU,69,69,245118.57,2.04
turin-9r45,B,base,LU,70,70,247118.22,2.02
turin-9r45,B,base,LU,71,71,245835.26,2.03
turin-9r45,B,base,LU,72,72,245547.22,2.03
turin-9r45,B,base,LU,73,73,244397.14,2.04
turin-9r45,B,base,LU,74,74,244574.04,2.04
turin-9r45,B,base,LU,75,75,243584.93,2.05
turin-9r45,B,base,LU,76,76,242584.1,2.06
turin-9r45,B,base,LU,77,77,243389.6,2.05
turin-9r45,B,base,LU,78,78,243435.87,2.05
turin-9r45,B,base,LU,79,79,244611.57,2.04
turin-9r45,B,base,LU,80,80,240960.36,2.07
turin-9r45,B,base,LU,81,81,240826.95,2.07
turin-9r45,B,base,LU,82,82,243495.73,2.05
turin-9r45,B,base,LU,83,83,245516.1,2.03
turin-9r45,B,base,LU,84,84,247684.08,2.01
turin-9r45,B,base,LU,85,85,249086.9,2.0
turin-9r45,B,base,LU,86,86,248856.65,2.0
turin-9r45,B,base,LU,87,87,248415.96,2.01
turin-9r45,B,base,LU,88,88,248933.65,2.0
turin-9r45,B,base,LU,89,89,246744.73,2.02
turin-9r45,B,base,LU,90,90,247149.31,2.02
turin-9r45,B,base,LU,91,91,246472.48,2.02
turin-9r45,B,base,LU,92,92,251094.1,1.99
turin-9r45,B,base,LU,93,93,253114.38,1.97
turin-9r45,B,base,LU,94,94,252273.26,1.98
turin-9r45,B,base,LU,95,95,252200.3,1.98
turin-9r45,B,base,LU,96,96,252409.22,1.98
turin-9r45,B,base,MG,1,1,6959.28,2.8
turin-9r45,B,base,MG,2,2,13196.81,1.47
turin-9r45,B,base,MG,3,3,18564.82,1.05
turin-9r45,B,base,MG,4,4,21911.35,0.89
turin-9r45,B,base,MG,5,5,24717.42,0.79
turin-9r45,B,base,MG,6,6,26424.23,0.74
turin-9r45,B,base,MG,7,7,27743.49,0.7
turin-9r45,B,base,MG,8,8,28245.48,0.69
turin-9r45,B,base,MG,9,9,31663.69,0.61
turin-9r45,B,base,MG,10,10,35004.56,0.56
turin-9r45,B,base,MG,11,11,38530.82,0.51
turin-9r45,B,base,MG,12,12,42043.36,0.46
turin-9r45,B,base,MG,13,13,44970.42,0.43
turin-9r45,B,base,MG,14,14,48684.09,0.4
turin-9r45,B,base,MG,15,15,51770.47,0.38
turin-9r45,B,base,MG,16,16,54881.07,0.35
turin-9r45,B,base,MG,17,17,57603.27,0.34
turin-9r45,B,base,MG,18,18,61104.3,0.32
turin-9r45,B,base,MG,19,19,63855.98,0.3
turin-9r45,B,base,MG,20,20,66315.52,0.29
turin-9r45,B,base,MG,21,21,68908.18,0.28
turin-9r45,B,base,MG,22,22,71030.5,0.27
turin-9r45,B,base,MG,23,23,73383.87,0.27
turin-9r45,B,base,MG,24,24,73636.94,0.26
turin-9r45,B,base,MG,25,25,76183.79,0.26
turin-9r45,B,base,MG,26,26,78809.99,0.25
turin-9r45,B,base,MG,27,27,81250.17,0.24
turin-9r45,B,base,MG,28,28,84246.64,0.23
turin-9r45,B,base,MG,29,29,86302.33,0.23
turin-9r45,B,base,MG,30,30,86647.63,0.22
turin-9r45,B,base,MG,31,31,89954.06,0.22
turin-9r45,B,base,MG,32,32,94934.31,0.21
turin-9r45,B,base,MG,33,33,94569.0,0.21
turin-9r45,B,base,MG,34,34,96323.56,0.2
turin-9r45,B,base,MG,35,35,99899.19,0.19
turin-9r45,B,base,MG,36,36,103758.13,0.19
turin-9r45,B,base,MG,37,37,105936.27,0.18
turin-9r45,B,base,MG,38,38,106071.95,0.18
turin-9r45,B,base,MG,39,39,108819.23,0.18
turin-9r45,B,base,MG,40,40,110842.83,0.18
turin-9r45,B,base,MG,41,41,113860.46,0.17
turin-9r45,B,base,MG,42,42,121563.29,0.16
turin-9r45,B,base,MG,43,43,127703.75,0.15
turin-9r45,B,base,MG,44,44,128600.6,0.15
turin-9r45,B,base,MG,45,45,132455.94,0.15
turin-9r45,B,base,MG,46,46,135518.77,0.14
turin-9r45,B,base,MG,47,47,136816.61,0.14
turin-9r45,B,base,MG,48,48,140141.91,0.14
turin-9r45,B,base,MG,49,49,143899.55,0.14
turin-9r45,B,base,MG,50,50,150759.53,0.13
turin-9r45,B,base,MG,51,51,160121.26,0.12
turin-9r45,B,base,MG,52,52,162041.15,0.12
turin-9r45,B,base,MG,53,53,166173.05,0.12
turin-9r45,B,base,MG,54,54,171653.62,0.11
turin-9r45,B,base,MG,55,55,173691.93,0.11
turin-9r45,B,base,MG,56,56,176402.56,0.11
turin-9r45,B,base,MG,57,57,179512.68,0.11
turin-9r45,B,base,MG,58,58,186547.05,0.1
turin-9r45,B,base,MG,59,59,192526.76,0.1
turin-9r45,B,base,MG,60,60,198624.82,0.1
turin-9r45,B,base,MG,61,61,200107.48,0.1
turin-9r45,B,base,MG,62,62,206292.1,0.09
turin-9r45,B,base,MG,63,63,218181.92,0.09
turin-9r45,B,base,MG,64,64,225267.41,0.09
turin-9r45,B,base,MG,65,65,224454.4,0.09
turin-9r45,B,base,MG,66,66,222829.69,0.09
turin-9r45,B,base,MG,67,67,224851.43,0.09
turin-9r45,B,base,MG,68,68,229603.85,0.08
turin-9r45,B,base,MG,69,69,233328.54,0.08
turin-9r45,B,base,MG,70,70,233170.59,0.08
turin-9r45,B,base,MG,71,71,236862.14,0.08
turin-9r45,B,base,MG,72,72,239802.87,0.08
turin-9r45,B,base,MG,73,73,237986.97,0.08
turin-9r45,B,base,MG,74,74,241988.33,0.08
turin-9r45,B,base,MG,75,75,244056.08,0.08
turin-9r45,B,base,MG,76,76,246474.29,0.08
turin-9r45,B,base,MG,77,77,255307.11,0.08
turin-9r45,B,base,MG,78,78,258141.55,0.08
turin-9r45,B,base,MG,79,79,260291.12,0.07
turin-9r45,B,base,MG,80,80,262091.0,0.07
turin-9r45,B,base,MG,81,81,262370.67,0.07
turin-9r45,B,base,MG,82,82,265864.47,0.07
turin-9r45,B,base,MG,83,83,270399.66,0.07
turin-9r45,B,base,MG,84,84,274126.79,0.07
turin-9r45,B,base,MG,85,85,280752.62,0.07
turin-9r45,B,base,MG,86,86,278303.41,0.07
turin-9r45,B,base,MG,87,87,280160.32,0.07
turin-9r45,B,base,MG,88,88,281524.27,0.07
turin-9r45,B,base,MG,89,89,279821.5,0.07
turin-9r45,B,base,MG,90,90,279501.01,0.07
turin-9r45,B,base,MG,91,91,272506.32,0.07
turin-9r45,B,base,MG,92,92,277648.68,0.07
turin-9r45,B,base,MG,93,93,281601.18,0.07
turin-9r45,B,base,MG,94,94,278052.31,0.07
turin-9r45,B,base,MG,95,95,272609.54,0.07
turin-9r45,B,base,MG,96,96,273211.46,0.07
turin-9r45,B,base,SP,1,1,6247.76,56.82
turin-9r45,B,base,SP,2,2,11996.1,29.59
turin-9r45,B,base,SP,3,3,16945.54,20.95
turin-9r45,B,base,SP,4,4,21025.21,16.89
turin-9r45,B,base,SP,5,5,24402.92,14.55
turin-9r45,B,base,SP,6,6,26754.83,13.27
turin-9r45,B,base,SP,7,7,28410.25,12.5
turin-9r45,B,base,SP,8,8,29383.29,12.08
turin-9r45,B,base,SP,9,9,33193.4,10.7
turin-9r45,B,base,SP,10,10,37572.79,9.45
turin-9r45,B,base,SP,11,11,42330.04,8.39
turin-9r45,B,base,SP,12,12,47233.86,7.52
turin-9r45,B,base,SP,13,13,51969.36,6.83
turin-9r45,B,base,SP,14,14,56019.57,6.34
turin-9r45,B,base,SP,15,15,61748.93,5.75
turin-9r45,B,base,SP,16,16,66591.64,5.33
turin-9r45,B,base,SP,17,17,71087.49,4.99
turin-9r45,B,base,SP,18,18,77225.71,4.6
turin-9r45,B,base,SP,19,19,83112.16,4.27
turin-9r45,B,base,SP,20,20,89255.3,3.98
turin-9r45,B,base,SP,21,21,95134.03,3.73
turin-9r45,B,base,SP,22,22,102050.86,3.48
turin-9r45,B,base,SP,23,23,106629.05,3.33
turin-9r45,B,base,SP,24,24,111420.76,3.19
turin-9r45,B,base,SP,25,25,115191.68,3.08
turin-9r45,B,base,SP,26,26,119960.03,2.96
turin-9r45,B,base,SP,27,27,127145.93,2.79
turin-9r45,B,base,SP,28,28,135303.82,2.62
turin-9r45,B,base,SP,29,29,139426.61,2.55
turin-9r45,B,base,SP,30,30,145150.9,2.45
turin-9r45,B,base,SP,31,31,151440.7,2.34
turin-9r45,B,base,SP,32,32,158431.18,2.24
turin-9r45,B,base,SP,33,33,162748.75,2.18
turin-9r45,B,base,SP,34,34,169389.25,2.1
turin-9r45,B,base,SP,35,35,174180.25,2.04
turin-9r45,B,base,SP,36,36,178888.07,1.98
turin-9r45,B,base,SP,37,37,187630.28,1.89
turin-9r45,B,base,SP,38,38,187982.54,1.89
turin-9r45,B,base,SP,39,39,195246.32,1.82
turin-9r45,B,base,SP,40,40,193144.85,1.84
turin-9r45,B,base,SP,41,41,198955.9,1.78
turin-9r45,B,base,SP,42,42,205032.89,1.73
turin-9r45,B,base,SP,43,43,208355.39,1.7
turin-9r45,B,base,SP,44,44,212512.29,1.67
turin-9r45,B,base,SP,45,45,217017.77,1.64
turin-9r45,B,base,SP,46,46,220643.29,1.61
turin-9r45,B,base,SP,47,47,225030.62,1.58
turin-9r45,B,base,SP,48,48,226317.74,1.57
turin-9r45,B,base,SP,49,49,227342.34,1.56
turin-9r45,B,base,SP,50,50,227902.15,1.56
turin-9r45,B,base,SP,51,51,231358.94,1.53
turin-9r45,B,base,SP,52,52,236196.13,1.5
turin-9r45,B,base,SP,53,53,237446.75,1.5
turin-9r45,B,base,SP,54,54,237671.16,1.49
turin-9r45,B,base,SP,55,55,244834.5,1.45
turin-9r45,B,base,SP,56,56,250093.57,1.42
turin-9r45,B,base,SP,57,57,254614.99,1.39
turin-9r45,B,base,SP,58,58,256011.62,1.39
turin-9r45,B,base,SP,59,59,257796.6,1.38
turin-9r45,B,base,SP,60,60,264368.12,1.34
turin-9r45,B,base,SP,61,61,268152.7,1.32
turin-9r45,B,base,SP,62,62,267368.73,1.33
turin-9r45,B,base,SP,63,63,270243.26,1.31
turin-9r45,B,base,SP,64,64,274926.86,1.29
turin-9r45,B,base,SP,65,65,275069.67,1.29
turin-9r45,B,base,SP,66,66,271159.62,1.31
turin-9r45,B,base,SP,67,67,275983.44,1.29
turin-9r45,B,base,SP,68,68,280327.27,1.27
turin-9r45,B,base,SP,69,69,286270.53,1.24
turin-9r45,B,base,SP,70,70,282854.21,1.26
turin-9r45,B,base,SP,71,71,285140.17,1.25
turin-9r45,B,base,SP,72,72,292249.85,1.21
turin-9r45,B,base,SP,73,73,293489.53,1.21
turin-9r45,B,base,SP,74,74,290577.09,1.22
turin-9r45,B,base,SP,75,75,294110.22,1.21
turin-9r45,B,base,SP,76,76,297824.21,1.19
turin-9r45,B,base,SP,77,77,297925.28,1.19
turin-9r45,B,base,SP,78,78,300608.0,1.18
turin-9r45,B,base,SP,79,79,299409.24,1.19
turin-9r45,B,base,SP,80,80,303223.84,1.17
turin-9r45,B,base,SP,81,81,302581.41,1.17
turin-9r45,B,base,SP,82,82,301645.29,1.18
turin-9r45,B,base,SP,83,83,306926.57,1.16
turin-9r45,B,base,SP,84,84,313430.94,1.13
turin-9r45,B,base,SP,85,85,313045.37,1.13
turin-9r45,B,base,SP,86,86,313772.47,1.13
turin-9r45,B,base,SP,87,87,317845.76,1.12
turin-9r45,B,base,SP,88,88,313462.95,1.13
turin-9r45,B,base,SP,89,89,320329.14,1.11
turin-9r45,B,base,SP,90,90,322499.22,1.1
turin-9r45,B,base,SP,91,91,320747.55,1.11
turin-9r45,B,base,SP,92,92,321393.17,1.1
turin-9r45,B,base,SP,93,93,325470.64,1.09
turin-9r45,B,base,SP,94,94,320547.89,1.11
turin-9r45,B,base,SP,95,95,328374.44,1.08
turin-9r45,B,base,SP,96,96,323593.08,1.1
turin-9r45,B,base,UA,1,1,35.8,61.69
turin-9r45,B,base,UA,2,2,67.05,32.94
turin-9r45,B,base,UA,3,3,93.49,23.63
turin-9r45,B,base,UA,4,4,116.41,18.97
turin-9r45,B,base,UA,5,5,136.56,16.17
turin-9r45,B,base,UA,6,6,155.1,14.24
turin-9r45,B,base,UA,7,7,171.36,12.89
turin-9r45,B,base,UA,8,8,186.1,11.87
turin-9r45,B,base,UA,9,9,210.56,10.49
turin-9r45,B,base,UA,10,10,239.71,9.21
turin-9r45,B,base,UA,11,11,269.01,8.21
turin-9r45,B,base,UA,12,12,300.2,7.36
turin-9r45,B,base,UA,13,13,330.09,6.69
turin-9r45,B,base,UA,14,14,364.75,6.06
turin-9r45,B,base,UA,15,15,395.3,5.59
turin-9r45,B,base,UA,16,16,424.48,5.2
turin-9r45,B,base,UA,17,17,446.24,4.95
turin-9r45,B,base,UA,18,18,479.27,4.61
turin-9r45,B,base,UA,19,19,506.44,4.36
turin-9r45,B,base,UA,20,20,535.5,4.12
turin-9r45,B,base,UA,21,21,563.35,3.92
turin-9r45,B,base,UA,22,22,588.37,3.75
turin-9r45,B,base,UA,23,23,613.07,3.6
turin-9r45,B,base,UA,24,24,633.9,3.48
turin-9r45,B,base,UA,25,25,646.37,3.42
turin-9r45,B,base,UA,26,26,666.9,3.31
turin-9r45,B,base,UA,27,27,687.61,3.21
turin-9r45,B,base,UA,28,28,710.75,3.11
turin-9r45,B,base,UA,29,29,729.02,3.03
turin-9r45,B,base,UA,30,30,748.04,2.95
turin-9r45,B,base,UA,31,31,759.06,2.91
turin-9r45,B,base,UA,32,32,782.19,2.82
turin-9r45,B,base,UA,33,33,783.12,2.82
turin-9r45,B,base,UA,34,34,803.4,2.75
turin-9r45,B,base,UA,35,35,821.9,2.69
turin-9r45,B,base,UA,36,36,840.23,2.63
turin-9r45,B,base,UA,37,37,853.23,2.59
turin-9r45,B,base,UA,38,38,871.95,2.53
turin-9r45,B,base,UA,39,39,885.33,2.49
turin-9r45,B,base,UA,40,40,893.8,2.47
turin-9r45,B,base,UA,41,41,903.29,2.45
turin-9r45,B,base,UA,42,42,914.29,2.42
turin-9r45,B,base,UA,43,43,922.72,2.39
turin-9r45,B,base,UA,44,44,938.68,2.35
turin-9r45,B,base,UA,45,45,951.79,2.32
turin-9r45,B,base,UA,46,46,971.52,2.27
turin-9r45,B,base,UA,47,47,969.93,2.28
turin-9r45,B,base,UA,48,48,983.42,2.25
turin-9r45,B,base,UA,49,49,985.57,2.24
turin-9r45,B,base,UA,50,50,999.03,2.21
turin-9r45,B,base,UA,51,51,996.97,2.22
turin-9r45,B,base,UA,52,52,1021.56,2.16
turin-9r45,B,base,UA,53,53,1018.51,2.17
turin-9r45,B,base,UA,54,54,1025.15,2.15
turin-9r45,B,base,UA,55,55,1031.91,2.14
turin-9r45,B,base,UA,56,56,1046.71,2.11
turin-9r45,B,base,UA,57,57,1044.49,2.11
turin-9r45,B,base,UA,58,58,1045.26,2.11
turin-9r45,B,base,UA,59,59,1055.3,2.09
turin-9r45,B,base,UA,60,60,1063.95,2.08
turin-9r45,B,base,UA,61,61,1071.81,2.06
turin-9r45,B,base,UA,62,62,1075.2,2.05
turin-9r45,B,base,UA,63,63,1070.38,2.06
turin-9r45,B,base,UA,64,64,1076.32,2.05
turin-9r45,B,base,UA,65,65,1081.95,2.04
turin-9r45,B,base,UA,66,66,1080.52,2.04
turin-9r45,B,base,UA,67,67,1095.87,2.02
turin-9r45,B,base,UA,68,68,1085.83,2.03
turin-9r45,B,base,UA,69,69,1088.87,2.03
turin-9r45,B,base,UA,70,70,1102.53,2.0
turin-9r45,B,base,UA,71,71,1100.54,2.01
turin-9r45,B,base,UA,72,72,1103.54,2.0
turin-9r45,B,base,UA,73,73,1097.25,2.01
turin-9r45,B,base,UA,74,74,1100.9,2.01
turin-9r45,B,base,UA,75,75,1114.83,1.98
turin-9r45,B,base,UA,76,76,1121.23,1.97
turin-9r45,B,base,UA,77,77,1109.48,1.99
turin-9r45,B,base,UA,78,78,1115.64,1.98
turin-9r45,B,base,UA,79,79,1117.39,1.98
turin-9r45,B,base,UA,80,80,1131.57,1.95
turin-9r45,B,base,UA,81,81,1121.22,1.97
turin-9r45,B,base,UA,82,82,1116.44,1.98
turin-9r45,B,base,UA,83,83,1129.49,1.96
turin-9r45,B,base,UA,84,84,1129.67,1.96
turin-9r45,B,base,UA,85,85,1124.39,1.96
turin-9r45,B,base,UA,86,86,1129.4,1.96
turin-9r45,B,base,UA,87,87,1125.48,1.96
turin-9r45,B,base,UA,88,88,1138.22,1.94
turin-9r45,B,base,UA,89,89,1131.75,1.95
turin-9r45,B,base,UA,90,90,1132.56,1.95
turin-9r45,B,base,UA,91,91,1134.96,1.95
turin-9r45,B,base,UA,92,92,1135.59,1.95
turin-9r45,B,base,UA,93,93,1126.03,1.96
turin-9r45,B,base,UA,94,94,1131.4,1.95
turin-9r45,B,base,UA,95,95,1131.96,1.95
turin-9r45,B,base,UA,96,96,1134.08,1.95
turin-9r45,B,base,IS,1,1,621.16,0.54
turin-9r45,B,base,IS,2,2,1182.07,0.28
turin-9r45,B,base,IS,3,3,1716.31,0.2
turin-9r45,B,base,IS,4,4,2200.24,0.15
turin-9r45,B,base,IS,5,5,2569.21,0.13
turin-9r45,B,base,IS,6,6,2775.59,0.12
turin-9r45,B,base,IS,7,7,2899.81,0.12
turin-9r45,B,base,IS,8,8,2993.85,0.11
turin-9r45,B,base,IS,9,9,3263.9,0.1
turin-9r45,B,base,IS,10,10,3658.35,0.09
turin-9r45,B,base,IS,11,11,4000.06,0.08
turin-9r45,B,base,IS,12,12,4356.97,0.08
turin-9r45,B,base,IS,13,13,4757.12,0.07
turin-9r45,B,base,IS,14,14,5080.37,0.07
turin-9r45,B,base,IS,15,15,5463.93,0.06
turin-9r45,B,base,IS,16,16,5943.6,0.06
turin-9r45,B,base,IS,17,17,6033.9,0.06
turin-9r45,B,base,IS,18,18,6249.88,0.05
turin-9r45,B,base,IS,19,19,6648.39,0.05
turin-9r45,B,base,IS,20,20,6877.09,0.05
turin-9r45,B,base,IS,21,21,7155.91,0.05
turin-9r45,B,base,IS,22,22,7226.29,0.05
turin-9r45,B,base,IS,23,23,7675.56,0.04
turin-9r45,B,base,IS,24,24,8063.75,0.04
turin-9r45,B,base,IS,25,25,8136.85,0.04
turin-9r45,B,base,IS,26,26,8339.78,0.04
turin-9r45,B,base,IS,27,27,8511.8,0.04
turin-9r45,B,base,IS,28,28,8613.85,0.04
turin-9r45,B,base,IS,29,29,8597.28,0.04
turin-9r45,B,base,IS,30,30,8570.47,0.04
turin-9r45,B,base,IS,31,31,8621.14,0.04
turin-9r45,B,base,IS,32,32,8933.6,0.04
turin-9r45,B,base,IS,33,33,8906.39,0.04
turin-9r45,B,base,IS,34,34,8959.86,0.04
turin-9r45,B,base,IS,35,35,9058.74,0.04
turin-9r45,B,base,IS,36,36,9169.52,0.04
turin-9r45,B,base,IS,37,37,9156.12,0.04
turin-9r45,B,base,IS,38,38,9515.82,0.04
turin-9r45,B,base,IS,39,39,9604.36,0.03
turin-9r45,B,base,IS,40,40,9760.33,0.03
turin-9r45,B,base,IS,41,41,10008.03,0.03
turin-9r45,B,base,IS,42,42,10342.97,0.03
turin-9r45,B,base,IS,43,43,10581.36,0.03
turin-9r45,B,base,IS,44,44,10536.87,0.03
turin-9r45,B,base,IS,45,45,10573.43,0.03
turin-9r45,B,base,IS,46,46,10799.85,0.03
turin-9r45,B,base,IS,47,47,10986.35,0.03
turin-9r45,B,base,IS,48,48,10904.43,0.03
turin-9r45,B,base,IS,49,49,11124.03,0.03
turin-9r45,B,base,IS,50,50,11336.09,0.03
turin-9r45,B,base,IS,51,51,11380.22,0.03
turin-9r45,B,base,IS,52,52,11435.96,0.03
turin-9r45,B,base,IS,53,53,11689.61,0.03
turin-9r45,B,base,IS,54,54,11490.6,0.03
turin-9r45,B,base,IS,55,55,11477.96,0.03
turin-9r45,B,base,IS,56,56,11827.83,0.03
turin-9r45,B,base,IS,57,57,11787.66,0.03
turin-9r45,B,base,IS,58,58,11976.94,0.03
turin-9r45,B,base,IS,59,59,12228.9,0.03
turin-9r45,B,base,IS,60,60,12028.44,0.03
turin-9r45,B,base,IS,61,61,12175.73,0.03
turin-9r45,B,base,IS,62,62,12602.34,0.03
turin-9r45,B,base,IS,63,63,12783.92,0.03
turin-9r45,B,base,IS,64,64,12745.64,0.03
turin-9r45,B,base,IS,65,65,13136.64,0.03
turin-9r45,B,base,IS,66,66,13072.02,0.03
turin-9r45,B,base,IS,67,67,12823.42,0.03
turin-9r45,B,base,IS,68,68,12722.33,0.03
turin-9r45,B,base,IS,69,69,12864.43,0.03
turin-9r45,B,base,IS,70,70,12806.49,0.03
turin-9r45,B,base,IS,71,71,13069.51,0.03
turin-9r45,B,base,IS,72,72,13098.0,0.03
turin-9r45,B,base,IS,73,73,13379.04,0.03
turin-9r45,B,base,IS,74,74,13699.61,0.02
turin-9r45,B,base,IS,75,75,13799.2,0.02
turin-9r45,B,base,IS,76,76,13810.37,0.02
turin-9r45,B,base,IS,77,77,14083.41,0.02
turin-9r45,B,base,IS,78,78,14195.56,0.02
turin-9r45,B,base,IS,79,79,14072.63,0.02
turin-9r45,B,base,IS,80,80,14210.78,0.02
turin-9r45,B,base,IS,81,81,14325.71,0.02
turin-9r45,B,base,IS,82,82,14209.42,0.02
turin-9r45,B,base,IS,83,83,14005.07,0.02
turin-9r45,B,base,IS,84,84,13960.37,0.02
turin-9r45,B,base,IS,85,85,14228.42,0.02
turin-9r45,B,base,IS,86,86,14149.66,0.02
turin-9r45,B,base,IS,87,87,14132.56,0.02
turin-9r45,B,base,IS,88,88,14320.67,0.02
turin-9r45,B,base,IS,89,89,14499.09,0.02
turin-9r45,B,base,IS,90,90,14591.2,0.02
turin-9r45,B,base,IS,91,91,14854.22,0.02
turin-9r45,B,base,IS,92,92,14795.34,0.02
turin-9r45,B,base,IS,93,93,14785.31,0.02
turin-9r45,B,base,IS,94,94,14860.95,0.02
turin-9r45,B,base,IS,95,95,15160.7,0.02
turin-9r45,B,base,IS,96,96,14724.39,0.02
gnr,B,base,BT,1,1,7479.3,93.88
gnr,B,base,BT,2,2,14858.19,47.26
gnr,B,base,BT,3,3,22013.72,31.9
gnr,B,base,BT,4,4,29427.72,23.86
gnr,B,base,BT,5,5,36342.61,19.32
gnr,B,base,BT,6,6,43973.65,15.97
gnr,B,base,BT,7,7,51213.26,13.71
gnr,B,base,BT,8,8,58528.8,12.0
gnr,B,base,BT,9,9,64731.02,10.85
gnr,B,base,BT,10,10,71647.52,9.8
gnr,B,base,BT,11,11,78870.16,8.9
gnr,B,base,BT,12,12,86109.26,8.15
gnr,B,base,BT,13,13,92484.4,7.59
gnr,B,base,BT,14,14,100259.12,7.0
gnr,B,base,BT,15,15,106107.47,6.62
gnr,B,base,BT,16,16,113397.77,6.19
gnr,B,base,BT,17,17,118875.79,5.91
gnr,B,base,BT,18,18,126759.62,5.54
gnr,B,base,BT,19,19,134005.13,5.24
gnr,B,base,BT,20,20,139163.11,5.05
gnr,B,base,BT,21,21,145262.93,4.83
gnr,B,base,BT,22,22,152006.26,4.62
gnr,B,base,BT,23,23,159770.26,4.39
gnr,B,base,BT,24,24,166875.65,4.21
gnr,B,base,BT,25,25,172200.55,4.08
gnr,B,base,BT,26,26,178864.89,3.93
gnr,B,base,BT,27,27,186196.76,3.77
gnr,B,base,BT,28,28,194134.74,3.62
gnr,B,base,BT,29,29,200532.41,3.5
gnr,B,base,BT,30,30,206233.0,3.4
gnr,B,base,BT,31,31,213398.2,3.29
gnr,B,base,BT,32,32,220499.3,3.18
gnr,B,base,BT,33,33,224833.74,3.12
gnr,B,base,BT,34,34,230153.35,3.05
gnr,B,base,BT,35,35,236356.0,2.97
gnr,B,base,BT,36,36,245049.91,2.87
gnr,B,base,BT,37,37,252005.63,2.79
gnr,B,base,BT,38,38,258018.51,2.72
gnr,B,base,BT,39,39,263346.29,2.67
gnr,B,base,BT,40,40,269237.26,2.61
gnr,B,base,BT,41,41,276418.8,2.54
gnr,B,base,BT,42,42,283969.88,2.47
gnr,B,base,BT,43,43,287156.27,2.45
gnr,B,base,BT,44,44,294393.93,2.39
gnr,B,base,BT,45,45,299530.3,2.34
gnr,B,base,BT,46,46,306699.67,2.29
gnr,B,base,BT,47,47,312079.52,2.25
gnr,B,base,BT,48,48,317127.21,2.21
gnr,B,base,BT,49,49,320318.19,2.19
gnr,B,base,BT,50,50,319768.84,2.2
gnr,B,base,BT,51,51,330506.64,2.12
gnr,B,base,BT,52,52,341299.37,2.06
gnr,B,base,BT,53,53,347391.43,2.02
gnr,B,base,BT,54,54,353541.05,1.99
gnr,B,base,BT,55,55,360807.07,1.95
gnr,B,base,BT,56,56,368136.33,1.91
gnr,B,base,BT,57,57,372620.32,1.88
gnr,B,base,BT,58,58,380314.53,1.85
gnr,B,base,BT,59,59,385591.17,1.82
gnr,B,base,BT,60,60,390021.36,1.8
gnr,B,base,BT,61,61,396638.52,1.77
gnr,B,base,BT,62,62,404225.51,1.74
gnr,B,base,BT,63,63,409116.12,1.72
gnr,B,base,BT,64,64,414497.37,1.69
gnr,B,base,BT,65,65,417176.31,1.68
gnr,B,base,BT,66,66,419839.97,1.67
gnr,B,base,BT,67,67,425964.48,1.65
gnr,B,base,BT,68,68,428526.24,1.64
gnr,B,base,BT,69,69,436255.76,1.61
gnr,B,base,BT,70,70,442356.65,1.59
gnr,B,base,BT,71,71,448935.2,1.56
gnr,B,base,BT,72,72,454584.5,1.54
gnr,B,base,BT,73,73,458931.05,1.53
gnr,B,base,BT,74,74,463574.32,1.51
gnr,B,base,BT,75,75,466463.43,1.51
gnr,B,base,BT,76,76,465161.56,1.51
gnr,B,base,BT,77,77,479193.05,1.47
gnr,B,base,BT,78,78,485234.61,1.45
gnr,B,base,BT,79,79,489460.62,1.43
gnr,B,base,BT,80,80,494643.21,1.42
gnr,B,base,BT,81,81,500764.1,1.4
gnr,B,base,BT,82,82,506195.01,1.39
gnr,B,base,BT,83,83,503702.96,1.39
gnr,B,base,BT,84,84,513144.18,1.37
gnr,B,base,BT,85,85,518230.63,1.35
gnr,B,base,BT,86,86,519595.79,1.35
gnr,B,base,BT,87,87,520346.7,1.35
gnr,B,base,BT,88,88,526228.74,1.33
gnr,B,base,BT,89,89,524990.22,1.34
gnr,B,base,BT,90,90,526022.38,1.33
gnr,B,base,BT,91,91,528106.91,1.33
gnr,B,base,BT,92,92,531138.73,1.32
gnr,B,base,BT,93,93,527334.28,1.33
gnr,B,base,BT,94,94,531399.62,1.32
gnr,B,base,BT,95,95,528221.73,1.33
gnr,B,base,BT,96,96,528351.85,1.33
gnr,B,base,CG,1,1,2327.73,23.5
gnr,B,base,CG,2,2,4598.48,11.9
gnr,B,base,CG,3,3,6863.74,7.97
gnr,B,base,CG,4,4,9097.13,6.01
gnr,B,base,CG,5,5,11344.93,4.82
gnr,B,base,CG,6,6,13602.61,4.02
gnr,B,base,CG,7,7,15691.5,3.49
gnr,B,base,CG,8,8,17924.59,3.05
gnr,B,base,CG,9,9,20083.05,2.72
gnr,B,base,CG,10,10,22297.67,2.45
gnr,B,base,CG,11,11,24326.25,2.25
gnr,B,base,CG,12,12,26327.52,2.08
gnr,B,base,CG,13,13,28229.6,1.94
gnr,B,base,CG,14,14,30377.63,1.8
gnr,B,base,CG,15,15,32566.13,1.68
gnr,B,base,CG,16,16,34508.98,1.59
gnr,B,base,CG,17,17,36406.32,1.5
gnr,B,base,CG,18,18,38495.87,1.42
gnr,B,base,CG,19,19,40108.8,1.36
gnr,B,base,CG,20,20,40744.04,1.34
gnr,B,base,CG,21,21,40920.76,1.34
gnr,B,base,CG,22,22,42665.69,1.28
gnr,B,base,CG,23,23,44449.28,1.23
gnr,B,base,CG,24,24,46046.33,1.19
gnr,B,base,CG,25,25,47563.23,1.15
gnr,B,base,CG,26,26,48851.11,1.12
gnr,B,base,CG,27,27,50779.52,1.08
gnr,B,base,CG,28,28,52632.27,1.04
gnr,B,base,CG,29,29,53962.98,1.01
gnr,B,base,CG,30,30,55511.17,0.99
gnr,B,base,CG,31,31,57174.48,0.96
gnr,B,base,CG,32,32,58501.77,0.94
gnr,B,base,CG,33,33,55818.95,0.98
gnr,B,base,CG,34,34,57974.21,0.94
gnr,B,base,CG,35,35,59488.66,0.92
gnr,B,base,CG,36,36,60880.6,0.9
gnr,B,base,CG,37,37,62465.65,0.88
gnr,B,base,CG,38,38,63960.84,0.86
gnr,B,base,CG,39,39,65639.65,0.83
gnr,B,base,CG,40,40,66747.8,0.82
gnr,B,base,CG,41,41,68446.1,0.8
gnr,B,base,CG,42,42,69228.28,0.79
gnr,B,base,CG,43,43,70911.59,0.77
gnr,B,base,CG,44,44,72689.39,0.75
gnr,B,base,CG,45,45,73552.46,0.74
gnr,B,base,CG,46,46,74690.01,0.73
gnr,B,base,CG,47,47,75646.81,0.72
gnr,B,base,CG,48,48,77448.74,0.71
gnr,B,base,CG,49,49,78883.71,0.69
gnr,B,base,CG,50,50,80354.28,0.68
gnr,B,base,CG,51,51,81378.43,0.67
gnr,B,base,CG,52,52,79350.85,0.69
gnr,B,base,CG,53,53,80958.75,0.68
gnr,B,base,CG,54,54,82450.26,0.66
gnr,B,base,CG,55,55,81952.52,0.67
gnr,B,base,CG,56,56,83365.48,0.66
gnr,B,base,CG,57,57,83620.65,0.65
gnr,B,base,CG,58,58,85140.36,0.64
gnr,B,base,CG,59,59,83919.12,0.65
gnr,B,base,CG,60,60,85662.57,0.64
gnr,B,base,CG,61,61,86217.42,0.63
gnr,B,base,CG,62,62,87223.39,0.63
gnr,B,base,CG,63,63,88529.8,0.62
gnr,B,base,CG,64,64,88874.17,0.62
gnr,B,base,CG,65,65,86106.94,0.64
gnr,B,base,CG,66,66,86630.4,0.63
gnr,B,base,CG,67,67,88359.72,0.62
gnr,B,base,CG,68,68,88451.98,0.62
gnr,B,base,CG,69,69,90221.34,0.61
gnr,B,base,CG,70,70,91993.09,0.59
gnr,B,base,CG,71,71,91999.08,0.59
gnr,B,base,CG,72,72,93280.86,0.59
gnr,B,base,CG,73,73,95166.68,0.57
gnr,B,base,CG,74,74,95314.32,0.57
gnr,B,base,CG,75,75,96701.19,0.57
gnr,B,base,CG,76,76,97625.38,0.56
gnr,B,base,CG,77,77,98853.36,0.55
gnr,B,base,CG,78,78,99861.25,0.55
gnr,B,base,CG,79,79,102814.78,0.53
gnr,B,base,CG,80,80,104691.07,0.52
gnr,B,base,CG,81,81,105772.14,0.52
gnr,B,base,CG,82,82,106970.74,0.51
gnr,B,base,CG,83,83,107396.19,0.51
gnr,B,base,CG,84,84,108497.39,0.5
gnr,B,base,CG,85,85,109264.81,0.5
gnr,B,base,CG,86,86,108143.78,0.51
gnr,B,base,CG,87,87,110380.9,0.5
gnr,B,base,CG,88,88,110399.07,0.5
gnr,B,base,CG,89,89,111088.9,0.49
gnr,B,base,CG,90,90,112588.59,0.49
gnr,B,base,CG,91,91,111272.51,0.49
gnr,B,base,CG,92,92,112096.7,0.49
gnr,B,base,CG,93,93,113118.34,0.48
gnr,B,base,CG,94,94,110246.89,0.5
gnr,B,base,CG,95,95,115555.44,0.47
gnr,B,base,CG,96,96,115815.59,0.47
gnr,B,base,EP,1,1,188.49,11.39
gnr,B,base,EP,2,2,405.83,5.29
gnr,B,base,EP,3,3,607.27,3.54
gnr,B,base,EP,4,4,806.21,2.66
gnr,B,base,EP,5,5,1012.95,2.12
gnr,B,base,EP,6,6,1214.74,1.77
gnr,B,base,EP,7,7,742.38,2.89
gnr,B,base,EP,8,8,850.09,2.53
gnr,B,base,EP,9,9,955.12,2.25
gnr,B,base,EP,10,10,1061.44,2.02
gnr,B,base,EP,11,11,1166.73,1.84
gnr,B,base,EP,12,12,1273.51,1.69
gnr,B,base,EP,13,13,1380.25,1.56
gnr,B,base,EP,14,14,1486.62,1.44
gnr,B,base,EP,15,15,3021.96,0.71
gnr,B,base,EP,16,16,1694.32,1.27
gnr,B,base,EP,17,17,3433.64,0.63
gnr,B,base,EP,18,18,1804.64,1.19
gnr,B,base,EP,19,19,3842.54,0.56
gnr,B,base,EP,20,20,2118.51,1.01
gnr,B,base,EP,21,21,2227.75,0.96
gnr,B,base,EP,22,22,2336.51,0.92
gnr,B,base,EP,23,23,2442.05,0.88
gnr,B,base,EP,24,24,4852.79,0.44
gnr,B,base,EP,25,25,2653.54,0.81
gnr,B,base,EP,26,26,2759.02,0.78
gnr,B,base,EP,27,27,5444.66,0.39
gnr,B,base,EP,28,28,2802.96,0.77
gnr,B,base,EP,29,29,2907.12,0.74
gnr,B,base,EP,30,30,3187.03,0.67
gnr,B,base,EP,31,31,3290.06,0.65
gnr,B,base,EP,32,32,3394.36,0.63
gnr,B,base,EP,33,33,3499.2,0.61
gnr,B,base,EP,34,34,3598.93,0.6
gnr,B,base,EP,35,35,3708.73,0.58
gnr,B,base,EP,36,36,3819.31,0.56
gnr,B,base,EP,37,37,7438.09,0.29
gnr,B,base,EP,38,38,4024.98,0.53
gnr,B,base,EP,39,39,4137.72,0.52
gnr,B,base,EP,40,40,4241.73,0.51
gnr,B,base,EP,41,41,4342.12,0.49
gnr,B,base,EP,42,42,4447.77,0.48
gnr,B,base,EP,43,43,8638.93,0.25
gnr,B,base,EP,44,44,4638.16,0.46
gnr,B,base,EP,45,45,4777.42,0.45
gnr,B,base,EP,46,46,4859.83,0.44
gnr,B,base,EP,47,47,4979.08,0.43
gnr,B,base,EP,48,48,5080.34,0.42
gnr,B,base,EP,49,49,5203.83,0.41
gnr,B,base,EP,50,50,5316.02,0.4
gnr,B,base,EP,51,51,5393.99,0.4
gnr,B,base,EP,52,52,5507.91,0.39
gnr,B,base,EP,53,53,5612.97,0.38
gnr,B,base,EP,54,54,5712.89,0.38
gnr,B,base,EP,55,55,5500.22,0.39
gnr,B,base,EP,56,56,5615.17,0.38
gnr,B,base,EP,57,57,6033.24,0.36
gnr,B,base,EP,58,58,6159.68,0.35
gnr,B,base,EP,59,59,6249.96,0.34
gnr,B,base,EP,60,60,6362.22,0.34
gnr,B,base,EP,61,61,6484.51,0.33
gnr,B,base,EP,62,62,6569.89,0.33
gnr,B,base,EP,63,63,6671.2,0.32
gnr,B,base,EP,64,64,6787.89,0.32
gnr,B,base,EP,65,65,6504.88,0.33
gnr,B,base,EP,66,66,7002.1,0.31
gnr,B,base,EP,67,67,13137.19,0.16
gnr,B,base,EP,68,68,7201.99,0.3
gnr,B,base,EP,69,69,7326.87,0.29
gnr,B,base,EP,70,70,7392.03,0.29
gnr,B,base,EP,71,71,7520.54,0.29
gnr,B,base,EP,72,72,7619.22,0.28
gnr,B,base,EP,73,73,7751.21,0.28
gnr,B,base,EP,74,74,7823.04,0.27
gnr,B,base,EP,75,75,7916.0,0.27
gnr,B,base,EP,76,76,7628.26,0.28
gnr,B,base,EP,77,77,8145.33,0.26
gnr,B,base,EP,78,78,8226.16,0.26
gnr,B,base,EP,79,79,8344.21,0.26
gnr,B,base,EP,80,80,8449.09,0.25
gnr,B,base,EP,81,81,8543.24,0.25
gnr,B,base,EP,82,82,8670.58,0.25
gnr,B,base,EP,83,83,8318.2,0.26
gnr,B,base,EP,84,84,8903.26,0.24
gnr,B,base,EP,85,85,8481.64,0.25
gnr,B,base,EP,86,86,9084.68,0.24
gnr,B,base,EP,87,87,9178.38,0.23
gnr,B,base,EP,88,88,9332.93,0.23
gnr,B,base,EP,89,89,8851.08,0.24
gnr,B,base,EP,90,90,9536.53,0.23
gnr,B,base,EP,91,91,9102.79,0.24
gnr,B,base,EP,92,92,9718.38,0.22
gnr,B,base,EP,93,93,9815.98,0.22
gnr,B,base,EP,94,94,9405.07,0.23
gnr,B,base,EP,95,95,10013.73,0.21
gnr,B,base,EP,96,96,10144.39,0.21
gnr,B,base,FT,1,1,5338.86,17.24
gnr,B,base,FT,2,2,9843.77,9.35
gnr,B,base,FT,3,3,15032.45,6.12
gnr,B,base,FT,4,4,20270.24,4.54
gnr,B,base,FT,5,5,25500.09,3.61
gnr,B,base,FT,6,6,30100.9,3.06
gnr,B,base,FT,7,7,34822.61,2.64
gnr,B,base,FT,8,8,38712.43,2.38
gnr,B,base,FT,9,9,43266.13,2.13
gnr,B,base,FT,10,10,47560.87,1.94
gnr,B,base,FT,11,11,51731.84,1.78
gnr,B,base,FT,12,12,55872.16,1.65
gnr,B,base,FT,13,13,59715.97,1.54
gnr,B,base,FT,14,14,62517.14,1.47
gnr,B,base,FT,15,15,66469.88,1.38
gnr,B,base,FT,16,16,68994.53,1.33
gnr,B,base,FT,17,17,72338.9,1.27
gnr,B,base,FT,18,18,75307.73,1.22
gnr,B,base,FT,19,19,78554.88,1.17
gnr,B,base,FT,20,20,82002.38,1.12
gnr,B,base,FT,21,21,84730.24,1.09
gnr,B,base,FT,22,22,87109.59,1.06
gnr,B,base,FT,23,23,90009.96,1.02
gnr,B,base,FT,24,24,92702.48,0.99
gnr,B,base,FT,25,25,94727.9,0.97
gnr,B,base,FT,26,26,97018.65,0.95
gnr,B,base,FT,27,27,98306.98,0.94
gnr,B,base,FT,28,28,100295.95,0.92
gnr,B,base,FT,29,29,101927.23,0.9
gnr,B,base,FT,30,30,103747.35,0.89
gnr,B,base,FT,31,31,104274.77,0.88
gnr,B,base,FT,32,32,105628.94,0.87
gnr,B,base,FT,33,33,110070.33,0.84
gnr,B,base,FT,34,34,114137.84,0.81
gnr,B,base,FT,35,35,117937.04,0.78
gnr,B,base,FT,36,36,123022.76,0.75
gnr,B,base,FT,37,37,127631.6,0.72
gnr,B,base,FT,38,38,132470.31,0.69
gnr,B,base,FT,39,39,135518.93,0.68
gnr,B,base,FT,40,40,139824.28,0.66
gnr,B,base,FT,41,41,144531.17,0.64
gnr,B,base,FT,42,42,148949.41,0.62
gnr,B,base,FT,43,43,152443.22,0.6
gnr,B,base,FT,44,44,156125.96,0.59
gnr,B,base,FT,45,45,160413.24,0.57
gnr,B,base,FT,46,46,164382.92,0.56
gnr,B,base,FT,47,47,169322.95,0.54
gnr,B,base,FT,48,48,173388.27,0.53
gnr,B,base,FT,49,49,176720.75,0.52
gnr,B,base,FT,50,50,180759.48,0.51
gnr,B,base,FT,51,51,183469.9,0.5
gnr,B,base,FT,52,52,189932.7,0.48
gnr,B,base,FT,53,53,195761.29,0.47
gnr,B,base,FT,54,54,199672.25,0.46
gnr,B,base,FT,55,55,203100.94,0.45
gnr,B,base,FT,56,56,207664.1,0.44
gnr,B,base,FT,57,57,211664.06,0.43
gnr,B,base,FT,58,58,214700.76,0.43
gnr,B,base,FT,59,59,219604.44,0.42
gnr,B,base,FT,60,60,224116.49,0.41
gnr,B,base,FT,61,61,225987.82,0.41
gnr,B,base,FT,62,62,232480.36,0.4
gnr,B,base,FT,63,63,234246.86,0.39
gnr,B,base,FT,64,64,239702.26,0.38
gnr,B,base,FT,65,65,241212.72,0.38
gnr,B,base,FT,66,66,246076.52,0.37
gnr,B,base,FT,67,67,249743.28,0.37
gnr,B,base,FT,68,68,253645.69,0.36
gnr,B,base,FT,69,69,258311.59,0.36
gnr,B,base,FT,70,70,261718.9,0.35
gnr,B,base,FT,71,71,269428.64,0.34
gnr,B,base,FT,72,72,271830.11,0.34
gnr,B,base,FT,73,73,277512.55,0.33
gnr,B,base,FT,74,74,279261.46,0.33
gnr,B,base,FT,75,75,286907.52,0.32
gnr,B,base,FT,76,76,294798.78,0.31
gnr,B,base,FT,77,77,297857.62,0.31
gnr,B,base,FT,78,78,302437.9,0.3
gnr,B,base,FT,79,79,309907.33,0.3
gnr,B,base,FT,80,80,311508.56,0.3
gnr,B,base,FT,81,81,317676.14,0.29
gnr,B,base,FT,82,82,324366.13,0.28
gnr,B,base,FT,83,83,326116.76,0.28
gnr,B,base,FT,84,84,333104.0,0.28
gnr,B,base,FT,85,85,335219.41,0.27
gnr,B,base,FT,86,86,344538.99,0.27
gnr,B,base,FT,87,87,348699.28,0.26
gnr,B,base,FT,88,88,352564.85,0.26
gnr,B,base,FT,89,89,357122.9,0.26
gnr,B,base,FT,90,90,363003.5,0.25
gnr,B,base,FT,91,91,366725.68,0.25
gnr,B,base,FT,92,92,366609.51,0.25
gnr,B,base,FT,93,93,371295.37,0.25
gnr,B,base,FT,94,94,376076.36,0.24
gnr,B,base,FT,95,95,376625.78,0.24
gnr,B,base,FT,96,96,378935.16,0.24
gnr,B,base,LU,1,1,9335.29,53.43
gnr,B,base,LU,2,2,18511.21,26.95
gnr,B,base,LU,3,3,26803.04,18.61
gnr,B,base,LU,4,4,35800.63,13.93
gnr,B,base,LU,5,5,44051.6,11.32
gnr,B,base,LU,6,6,51973.76,9.6
gnr,B,base,LU,7,7,58915.32,8.47
gnr,B,base,LU,8,8,67176.26,7.43
gnr,B,base,LU,9,9,72383.46,6.89
gnr,B,base,LU,10,10,82857.03,6.02
gnr,B,base,LU,11,11,85800.56,5.81
gnr,B,base,LU,12,12,93252.77,5.35
gnr,B,base,LU,13,13,101475.4,4.92
gnr,B,base,LU,14,14,104181.87,4.79
gnr,B,base,LU,15,15,113633.34,4.39
gnr,B,base,LU,16,16,115765.89,4.31
gnr,B,base,LU,17,17,127837.38,3.9
gnr,B,base,LU,18,18,129912.83,3.84
gnr,B,base,LU,19,19,131853.72,3.78
gnr,B,base,LU,20,20,146198.15,3.41
gnr,B,base,LU,21,21,147748.26,3.38
gnr,B,base,LU,22,22,149403.36,3.34
gnr,B,base,LU,23,23,151746.51,3.29
gnr,B,base,LU,24,24,153983.96,3.24
gnr,B,base,LU,25,25,173379.95,2.88
gnr,B,base,LU,26,26,176482.25,2.83
gnr,B,base,LU,27,27,178708.35,2.79
gnr,B,base,LU,28,28,180731.66,2.76
gnr,B,base,LU,29,29,182398.01,2.73
gnr,B,base,LU,30,30,182282.15,2.74
gnr,B,base,LU,31,31,185193.11,2.69
gnr,B,base,LU,32,32,186931.23,2.67
gnr,B,base,LU,33,33,186207.15,2.68
gnr,B,base,LU,34,34,212444.11,2.35
gnr,B,base,LU,35,35,213431.28,2.34
gnr,B,base,LU,36,36,214689.67,2.32
gnr,B,base,LU,37,37,214935.16,2.32
gnr,B,base,LU,38,38,215181.43,2.32
gnr,B,base,LU,39,39,213731.72,2.33
gnr,B,base,LU,40,40,213113.03,2.34
gnr,B,base,LU,41,41,213806.67,2.33
gnr,B,base,LU,42,42,213104.65,2.34
gnr,B,base,LU,43,43,211866.98,2.35
gnr,B,base,LU,44,44,212556.41,2.35
gnr,B,base,LU,45,45,212258.45,2.35
gnr,B,base,LU,46,46,211793.45,2.36
gnr,B,base,LU,47,47,209762.39,2.38
gnr,B,base,LU,48,48,208132.71,2.4
gnr,B,base,LU,49,49,207181.71,2.41
gnr,B,base,LU,50,50,230117.66,2.17
gnr,B,base,LU,51,51,236418.84,2.11
gnr,B,base,LU,52,52,239375.43,2.08
gnr,B,base,LU,53,53,238706.01,2.09
gnr,B,base,LU,54,54,238008.72,2.1
gnr,B,base,LU,55,55,237998.83,2.1
gnr,B,base,LU,56,56,237712.68,2.1
gnr,B,base,LU,57,57,235358.45,2.12
gnr,B,base,LU,58,58,237036.07,2.1
gnr,B,base,LU,59,59,236141.61,2.11
gnr,B,base,LU,60,60,235191.89,2.12
gnr,B,base,LU,61,61,236221.75,2.11
gnr,B,base,LU,62,62,236254.32,2.11
gnr,B,base,LU,63,63,237397.96,2.1
gnr,B,base,LU,64,64,236530.33,2.11
gnr,B,base,LU,65,65,234997.1,2.12
gnr,B,base,LU,66,66,232319.12,2.15
gnr,B,base,LU,67,67,230064.08,2.17
gnr,B,base,LU,68,68,230424.68,2.16
gnr,B,base,LU,69,69,231914.46,2.15
gnr,B,base,LU,70,70,233145.0,2.14
gnr,B,base,LU,71,71,232873.34,2.14
gnr,B,base,LU,72,72,233105.76,2.14
gnr,B,base,LU,73,73,232185.11,2.15
gnr,B,base,LU,74,74,230202.69,2.17
gnr,B,base,LU,75,75,229770.63,2.17
gnr,B,base,LU,76,76,229587.47,2.17
gnr,B,base,LU,77,77,230330.92,2.17
gnr,B,base,LU,78,78,230655.64,2.16
gnr,B,base,LU,79,79,230508.94,2.16
gnr,B,base,LU,80,80,228204.75,2.19
gnr,B,base,LU,81,81,229813.02,2.17
gnr,B,base,LU,82,82,230790.46,2.16
gnr,B,base,LU,83,83,232036.65,2.15
gnr,B,base,LU,84,84,235095.9,2.12
gnr,B,base,LU,85,85,233030.38,2.14
gnr,B,base,LU,86,86,230055.21,2.17
gnr,B,base,LU,87,87,228952.58,2.18
gnr,B,base,LU,88,88,230036.21,2.17
gnr,B,base,LU,89,89,232457.05,2.15
gnr,B,base,LU,90,90,234852.55,2.12
gnr,B,base,LU,91,91,240102.55,2.08
gnr,B,base,LU,92,92,242547.75,2.06
gnr,B,base,LU,93,93,242610.56,2.06
gnr,B,base,LU,94,94,245137.88,2.03
gnr,B,base,LU,95,95,244787.06,2.04
gnr,B,base,LU,96,96,246549.88,2.02
gnr,B,base,MG,1,1,6094.45,3.19
gnr,B,base,MG,2,2,11584.5,1.68
gnr,B,base,MG,3,3,16857.92,1.15
gnr,B,base,MG,4,4,22541.77,0.86
gnr,B,base,MG,5,5,27610.54,0.7
gnr,B,base,MG,6,6,32437.41,0.6
gnr,B,base,MG,7,7,36830.73,0.53
gnr,B,base,MG,8,8,41082.35,0.47
gnr,B,base,MG,9,9,45114.45,0.43
gnr,B,base,MG,10,10,48483.19,0.4
gnr,B,base,MG,11,11,51606.05,0.38
gnr,B,base,MG,12,12,54569.91,0.36
gnr,B,base,MG,13,13,57064.52,0.34
gnr,B,base,MG,14,14,59295.19,0.33
gnr,B,base,MG,15,15,61434.5,0.32
gnr,B,base,MG,16,16,63508.29,0.31
gnr,B,base,MG,17,17,65542.93,0.3
gnr,B,base,MG,18,18,67181.5,0.29
gnr,B,base,MG,19,19,68758.15,0.28
gnr,B,base,MG,20,20,70634.5,0.28
gnr,B,base,MG,21,21,71814.25,0.27
gnr,B,base,MG,22,22,73028.92,0.27
gnr,B,base,MG,23,23,74484.18,0.26
gnr,B,base,MG,24,24,75914.46,0.26
gnr,B,base,MG,25,25,77521.73,0.25
gnr,B,base,MG,26,26,79257.56,0.25
gnr,B,base,MG,27,27,80247.2,0.24
gnr,B,base,MG,28,28,81519.96,0.24
gnr,B,base,MG,29,29,82754.06,0.24
gnr,B,base,MG,30,30,84455.33,0.23
gnr,B,base,MG,31,31,85480.33,0.23
gnr,B,base,MG,32,32,87493.51,0.22
gnr,B,base,MG,33,33,91119.75,0.21
gnr,B,base,MG,34,34,95684.37,0.2
gnr,B,base,MG,35,35,100235.66,0.19
gnr,B,base,MG,36,36,105751.47,0.18
gnr,B,base,MG,37,37,110852.76,0.18
gnr,B,base,MG,38,38,116155.32,0.17
gnr,B,base,MG,39,39,122362.52,0.16
gnr,B,base,MG,40,40,128926.23,0.15
gnr,B,base,MG,41,41,135714.32,0.14
gnr,B,base,MG,42,42,142976.16,0.14
gnr,B,base,MG,43,43,150931.79,0.13
gnr,B,base,MG,44,44,154764.68,0.13
gnr,B,base,MG,45,45,159325.25,0.12
gnr,B,base,MG,46,46,167799.58,0.12
gnr,B,base,MG,47,47,175168.4,0.11
gnr,B,base,MG,48,48,182222.46,0.11
gnr,B,base,MG,49,49,186997.86,0.1
gnr,B,base,MG,50,50,192214.42,0.1
gnr,B,base,MG,51,51,200188.75,0.1
gnr,B,base,MG,52,52,204789.0,0.1
gnr,B,base,MG,53,53,209497.81,0.09
gnr,B,base,MG,54,54,213524.8,0.09
gnr,B,base,MG,55,55,218290.12,0.09
gnr,B,base,MG,56,56,221616.13,0.09
gnr,B,base,MG,57,57,225996.72,0.09
gnr,B,base,MG,58,58,230415.73,0.08
gnr,B,base,MG,59,59,234363.47,0.08
gnr,B,base,MG,60,60,237672.23,0.08
gnr,B,base,MG,61,61,239353.43,0.08
gnr,B,base,MG,62,62,241241.19,0.08
gnr,B,base,MG,63,63,241449.68,0.08
gnr,B,base,MG,64,64,242769.44,0.08
gnr,B,base,MG,65,65,240444.27,0.08
gnr,B,base,MG,66,66,243534.46,0.08
gnr,B,base,MG,67,67,246601.45,0.08
gnr,B,base,MG,68,68,247229.47,0.08
gnr,B,base,MG,69,69,250515.48,0.08
gnr,B,base,MG,70,70,249603.94,0.08
gnr,B,base,MG,71,71,253103.67,0.08
gnr,B,base,MG,72,72,255406.18,0.08
gnr,B,base,MG,73,73,256902.94,0.08
gnr,B,base,MG,74,74,260305.93,0.07
gnr,B,base,MG,75,75,259616.3,0.07
gnr,B,base,MG,76,76,262746.4,0.07
gnr,B,base,MG,77,77,262296.07,0.07
gnr,B,base,MG,78,78,263926.32,0.07
gnr,B,base,MG,79,79,267113.4,0.07
gnr,B,base,MG,80,80,267057.67,0.07
gnr,B,base,MG,81,81,265419.2,0.07
gnr,B,base,MG,82,82,273596.8,0.07
gnr,B,base,MG,83,83,273426.64,0.07
gnr,B,base,MG,84,84,271222.93,0.07
gnr,B,base,MG,85,85,277085.32,0.07
gnr,B,base,MG,86,86,275886.34,0.07
gnr,B,base,MG,87,87,274668.39,0.07
gnr,B,base,MG,88,88,273999.94,0.07
gnr,B,base,MG,89,89,277916.87,0.07
gnr,B,base,MG,90,90,280625.39,0.07
gnr,B,base,MG,91,91,280553.07,0.07
gnr,B,base,MG,92,92,280183.94,0.07
gnr,B,base,MG,93,93,279771.41,0.07
gnr,B,base,MG,94,94,278178.78,0.07
gnr,B,base,MG,95,95,281475.71,0.07
gnr,B,base,MG,96,96,278464.35,0.07
gnr,B,base,SP,1,1,6430.63,55.21
gnr,B,base,SP,2,2,12727.46,27.89
gnr,B,base,SP,3,3,18248.13,19.45
gnr,B,base,SP,4,4,24327.03,14.59
gnr,B,base,SP,5,5,30351.92,11.7
gnr,B,base,SP,6,6,36181.19,9.81
gnr,B,base,SP,7,7,42240.31,8.4
gnr,B,base,SP,8,8,48218.56,7.36
gnr,B,base,SP,9,9,52659.28,6.74
gnr,B,base,SP,10,10,58241.03,6.1
gnr,B,base,SP,11,11,62030.25,5.72
gnr,B,base,SP,12,12,66714.31,5.32
gnr,B,base,SP,13,13,72626.61,4.89
gnr,B,base,SP,14,14,78092.35,4.55
gnr,B,base,SP,15,15,81664.21,4.35
gnr,B,base,SP,16,16,86880.8,4.09
gnr,B,base,SP,17,17,90515.97,3.92
gnr,B,base,SP,18,18,95652.49,3.71
gnr,B,base,SP,19,19,99204.49,3.58
gnr,B,base,SP,20,20,102848.69,3.45
gnr,B,base,SP,21,21,105383.18,3.37
gnr,B,base,SP,22,22,110522.97,3.21
gnr,B,base,SP,23,23,115686.18,3.07
gnr,B,base,SP,24,24,120360.77,2.95
gnr,B,base,SP,25,25,125011.95,2.84
gnr,B,base,SP,26,26,130140.34,2.73
gnr,B,base,SP,27,27,135483.58,2.62
gnr,B,base,SP,28,28,140276.9,2.53
gnr,B,base,SP,29,29,133172.09,2.67
gnr,B,base,SP,30,30,136309.61,2.6
gnr,B,base,SP,31,31,155020.22,2.29
gnr,B,base,SP,32,32,159563.88,2.22
gnr,B,base,SP,33,33,159675.08,2.22
gnr,B,base,SP,34,34,165217.64,2.15
gnr,B,base,SP,35,35,169889.58,2.09
gnr,B,base,SP,36,36,176291.88,2.01
gnr,B,base,SP,37,37,182329.74,1.95
gnr,B,base,SP,38,38,186949.66,1.9
gnr,B,base,SP,39,39,177174.91,2.0
gnr,B,base,SP,40,40,197067.67,1.8
gnr,B,base,SP,41,41,202528.56,1.75
gnr,B,base,SP,42,42,207074.35,1.71
gnr,B,base,SP,43,43,211915.38,1.68
gnr,B,base,SP,44,44,216764.99,1.64
gnr,B,base,SP,45,45,221089.51,1.61
gnr,B,base,SP,46,46,218434.11,1.63
gnr,B,base,SP,47,47,223510.36,1.59
gnr,B,base,SP,48,48,226265.54,1.57
gnr,B,base,SP,49,49,233959.63,1.52
gnr,B,base,SP,50,50,236006.49,1.5
gnr,B,base,SP,51,51,243276.15,1.46
gnr,B,base,SP,52,52,250476.78,1.42
gnr,B,base,SP,53,53,243173.49,1.46
gnr,B,base,SP,54,54,260255.54,1.36
gnr,B,base,SP,55,55,267093.03,1.33
gnr,B,base,SP,56,56,258737.87,1.37
gnr,B,base,SP,57,57,275820.43,1.29
gnr,B,base,SP,58,58,282196.3,1.26
gnr,B,base,SP,59,59,269824.52,1.32
gnr,B,base,SP,60,60,289983.91,1.22
gnr,B,base,SP,61,61,292452.01,1.21
gnr,B,base,SP,62,62,297080.33,1.2
gnr,B,base,SP,63,63,279932.44,1.27
gnr,B,base,SP,64,64,283194.37,1.25
gnr,B,base,SP,65,65,300195.99,1.18
gnr,B,base,SP,66,66,306504.93,1.16
gnr,B,base,SP,67,67,309420.38,1.15
gnr,B,base,SP,68,68,313255.99,1.13
gnr,B,base,SP,69,69,298846.55,1.19
gnr,B,base,SP,70,70,322955.04,1.1
gnr,B,base,SP,71,71,326942.28,1.09
gnr,B,base,SP,72,72,328315.45,1.08
gnr,B,base,SP,73,73,334507.11,1.06
gnr,B,base,SP,74,74,312599.13,1.14
gnr,B,base,SP,75,75,339518.35,1.05
gnr,B,base,SP,76,76,339495.01,1.05
gnr,B,base,SP,77,77,344443.59,1.03
gnr,B,base,SP,78,78,351744.6,1.01
gnr,B,base,SP,79,79,335914.69,1.06
gnr,B,base,SP,80,80,354413.71,1.0
gnr,B,base,SP,81,81,356808.08,0.99
gnr,B,base,SP,82,82,361991.79,0.98
gnr,B,base,SP,83,83,362147.91,0.98
gnr,B,base,SP,84,84,345388.27,1.03
gnr,B,base,SP,85,85,369245.24,0.96
gnr,B,base,SP,86,86,369910.45,0.96
gnr,B,base,SP,87,87,374249.23,0.95
gnr,B,base,SP,88,88,376668.4,0.94
gnr,B,base,SP,89,89,381279.49,0.93
gnr,B,base,SP,90,90,380473.63,0.93
gnr,B,base,SP,91,91,362362.89,0.98
gnr,B,base,SP,92,92,387064.36,0.92
gnr,B,base,SP,93,93,364709.65,0.97
gnr,B,base,SP,94,94,362115.71,0.98
gnr,B,base,SP,95,95,370857.6,0.96
gnr,B,base,SP,96,96,367780.78,0.97
gnr,B,base,UA,1,1,31.3,70.56
gnr,B,base,UA,2,2,61.22,36.08
gnr,B,base,UA,3,3,84.92,26.01
gnr,B,base,UA,4,4,111.04,19.89
gnr,B,base,UA,5,5,136.86,16.14
gnr,B,base,UA,6,6,159.12,13.88
gnr,B,base,UA,7,7,183.25,12.05
gnr,B,base,UA,8,8,207.98,10.62
gnr,B,base,UA,9,9,224.19,9.85
gnr,B,base,UA,10,10,248.43,8.89
gnr,B,base,UA,11,11,268.24,8.23
gnr,B,base,UA,12,12,292.93,7.54
gnr,B,base,UA,13,13,317.46,6.96
gnr,B,base,UA,14,14,343.57,6.43
gnr,B,base,UA,15,15,363.49,6.08
gnr,B,base,UA,16,16,388.98,5.68
gnr,B,base,UA,17,17,406.35,5.44
gnr,B,base,UA,18,18,430.02,5.14
gnr,B,base,UA,19,19,451.17,4.9
gnr,B,base,UA,20,20,469.08,4.71
gnr,B,base,UA,21,21,485.43,4.55
gnr,B,base,UA,22,22,509.1,4.34
gnr,B,base,UA,23,23,532.93,4.14
gnr,B,base,UA,24,24,557.76,3.96
gnr,B,base,UA,25,25,578.25,3.82
gnr,B,base,UA,26,26,600.46,3.68
gnr,B,base,UA,27,27,625.15,3.53
gnr,B,base,UA,28,28,645.12,3.42
gnr,B,base,UA,29,29,664.65,3.32
gnr,B,base,UA,30,30,683.21,3.23
gnr,B,base,UA,31,31,701.04,3.15
gnr,B,base,UA,32,32,723.5,3.05
gnr,B,base,UA,33,33,739.19,2.99
gnr,B,base,UA,34,34,742.73,2.97
gnr,B,base,UA,35,35,766.72,2.88
gnr,B,base,UA,36,36,782.29,2.82
gnr,B,base,UA,37,37,804.85,2.74
gnr,B,base,UA,38,38,819.91,2.69
gnr,B,base,UA,39,39,833.09,2.65
gnr,B,base,UA,40,40,835.14,2.64
gnr,B,base,UA,41,41,861.03,2.57
gnr,B,base,UA,42,42,869.23,2.54
gnr,B,base,UA,43,43,889.37,2.48
gnr,B,base,UA,44,44,905.91,2.44
gnr,B,base,UA,45,45,917.75,2.41
gnr,B,base,UA,46,46,926.6,2.38
gnr,B,base,UA,47,47,934.16,2.36
gnr,B,base,UA,48,48,946.48,2.33
gnr,B,base,UA,49,49,955.1,2.31
gnr,B,base,UA,50,50,954.83,2.31
gnr,B,base,UA,51,51,971.54,2.27
gnr,B,base,UA,52,52,978.07,2.26
gnr,B,base,UA,53,53,983.82,2.25
gnr,B,base,UA,54,54,1004.32,2.2
gnr,B,base,UA,55,55,994.24,2.22
gnr,B,base,UA,56,56,1025.57,2.15
gnr,B,base,UA,57,57,1033.92,2.14
gnr,B,base,UA,58,58,1019.63,2.17
gnr,B,base,UA,59,59,1039.95,2.12
gnr,B,base,UA,60,60,1039.02,2.13
gnr,B,base,UA,61,61,1055.1,2.09
gnr,B,base,UA,62,62,1056.72,2.09
gnr,B,base,UA,63,63,1046.91,2.11
gnr,B,base,UA,64,64,1077.7,2.05
gnr,B,base,UA,65,65,1065.46,2.07
gnr,B,base,UA,66,66,1078.5,2.05
gnr,B,base,UA,67,67,1071.29,2.06
gnr,B,base,UA,68,68,1062.18,2.08
gnr,B,base,UA,69,69,1072.35,2.06
gnr,B,base,UA,70,70,1083.18,2.04
gnr,B,base,UA,71,71,1079.25,2.05
gnr,B,base,UA,72,72,1073.08,2.06
gnr,B,base,UA,73,73,1086.7,2.03
gnr,B,base,UA,74,74,1083.06,2.04
gnr,B,base,UA,75,75,1074.69,2.06
gnr,B,base,UA,76,76,1080.79,2.04
gnr,B,base,UA,77,77,1093.9,2.02
gnr,B,base,UA,78,78,1102.35,2.0
gnr,B,base,UA,79,79,1088.88,2.03
gnr,B,base,UA,80,80,1101.47,2.01
gnr,B,base,UA,81,81,1092.45,2.02
gnr,B,base,UA,82,82,1088.37,2.03
gnr,B,base,UA,83,83,1095.76,2.02
gnr,B,base,UA,84,84,1091.0,2.02
gnr,B,base,UA,85,85,1081.28,2.04
gnr,B,base,UA,86,86,1099.97,2.01
gnr,B,base,UA,87,87,1090.75,2.03
gnr,B,base,UA,88,88,1098.38,2.01
gnr,B,base,UA,89,89,1089.08,2.03
gnr,B,base,UA,90,90,1088.31,2.03
gnr,B,base,UA,91,91,1091.93,2.02
gnr,B,base,UA,92,92,1090.9,2.02
gnr,B,base,UA,93,93,1086.93,2.03
gnr,B,base,UA,94,94,1093.07,2.02
gnr,B,base,UA,95,95,1067.43,2.07
gnr,B,base,UA,96,96,1077.16,2.05
gnr,B,base,IS,1,1,339.09,0.99
gnr,B,base,IS,2,2,633.01,0.53
gnr,B,base,IS,3,3,872.65,0.38
gnr,B,base,IS,4,4,1249.8,0.27
gnr,B,base,IS,5,5,1562.3,0.21
gnr,B,base,IS,6,6,1882.36,0.18
gnr,B,base,IS,7,7,2127.26,0.16
gnr,B,base,IS,8,8,2454.58,0.14
gnr,B,base,IS,9,9,2730.28,0.12
gnr,B,base,IS,10,10,3009.46,0.11
gnr,B,base,IS,11,11,3381.57,0.1
gnr,B,base,IS,12,12,3727.22,0.09
gnr,B,base,IS,13,13,3986.58,0.08
gnr,B,base,IS,14,14,4248.36,0.08
gnr,B,base,IS,15,15,4494.24,0.07
gnr,B,base,IS,16,16,4706.99,0.07
gnr,B,base,IS,17,17,4999.07,0.07
gnr,B,base,IS,18,18,5307.58,0.06
gnr,B,base,IS,19,19,5766.31,0.06
gnr,B,base,IS,20,20,5962.15,0.06
gnr,B,base,IS,21,21,6097.83,0.06
gnr,B,base,IS,22,22,6286.89,0.05
gnr,B,base,IS,23,23,6520.24,0.05
gnr,B,base,IS,24,24,6813.12,0.05
gnr,B,base,IS,25,25,7310.42,0.05
gnr,B,base,IS,26,26,7660.81,0.04
gnr,B,base,IS,27,27,7819.45,0.04
gnr,B,base,IS,28,28,8034.32,0.04
gnr,B,base,IS,29,29,8238.97,0.04
gnr,B,base,IS,30,30,8448.05,0.04
gnr,B,base,IS,31,31,8806.92,0.04
gnr,B,base,IS,32,32,9165.75,0.04
gnr,B,base,IS,33,33,9610.99,0.03
gnr,B,base,IS,34,34,10051.21,0.03
gnr,B,base,IS,35,35,10358.13,0.03
gnr,B,base,IS,36,36,10781.48,0.03
gnr,B,base,IS,37,37,11241.01,0.03
gnr,B,base,IS,38,38,11714.46,0.03
gnr,B,base,IS,39,39,12275.97,0.03
gnr,B,base,IS,40,40,12975.93,0.03
gnr,B,base,IS,41,41,13189.18,0.03
gnr,B,base,IS,42,42,13540.32,0.02
gnr,B,base,IS,43,43,14010.93,0.02
gnr,B,base,IS,44,44,14290.76,0.02
gnr,B,base,IS,45,45,14895.01,0.02
gnr,B,base,IS,46,46,15270.18,0.02
gnr,B,base,IS,47,47,15960.42,0.02
gnr,B,base,IS,48,48,16287.9,0.02
gnr,B,base,IS,49,49,16444.53,0.02
gnr,B,base,IS,50,50,17080.04,0.02
gnr,B,base,IS,51,51,17386.8,0.02
gnr,B,base,IS,52,52,17668.59,0.02
gnr,B,base,IS,53,53,18262.27,0.02
gnr,B,base,IS,54,54,18530.58,0.02
gnr,B,base,IS,55,55,18748.69,0.02
gnr,B,base,IS,56,56,18876.13,0.02
gnr,B,base,IS,57,57,18631.5,0.02
gnr,B,base,IS,58,58,18882.94,0.02
gnr,B,base,IS,59,59,19111.09,0.02
gnr,B,base,IS,60,60,19607.11,0.02
gnr,B,base,IS,61,61,19879.18,0.02
gnr,B,base,IS,62,62,19738.71,0.02
gnr,B,base,IS,63,63,19780.93,0.02
gnr,B,base,IS,64,64,20178.64,0.02
gnr,B,base,IS,65,65,17399.69,0.02
gnr,B,base,IS,66,66,18507.31,0.02
gnr,B,base,IS,67,67,18519.8,0.02
gnr,B,base,IS,68,68,19326.73,0.02
gnr,B,base,IS,69,69,19298.97,0.02
gnr,B,base,IS,70,70,19426.01,0.02
gnr,B,base,IS,71,71,19650.02,0.02
gnr,B,base,IS,72,72,19989.19,0.02
gnr,B,base,IS,73,73,19627.78,0.02
gnr,B,base,IS,74,74,20400.21,0.02
gnr,B,base,IS,75,75,20131.87,0.02
gnr,B,base,IS,76,76,20319.62,0.02
gnr,B,base,IS,77,77,20625.73,0.02
gnr,B,base,IS,78,78,20644.66,0.02
gnr,B,base,IS,79,79,20751.53,0.02
gnr,B,base,IS,80,80,20694.35,0.02
gnr,B,base,IS,81,81,20639.82,0.02
gnr,B,base,IS,82,82,21317.39,0.02
gnr,B,base,IS,83,83,21006.38,0.02
gnr,B,base,IS,84,84,21017.97,0.02
gnr,B,base,IS,85,85,21329.8,0.02
gnr,B,base,IS,86,86,21443.23,0.02
gnr,B,base,IS,87,87,21370.03,0.02
gnr,B,base,IS,88,88,21769.34,0.02
gnr,B,base,IS,89,89,21683.73,0.02
gnr,B,base,IS,90,90,21642.98,0.02
gnr,B,base,IS,91,91,21561.33,0.02
gnr,B,base,IS,92,92,22078.43,0.02
gnr,B,base,IS,93,93,22336.84,0.02
gnr,B,base,IS,94,94,21988.34,0.02
gnr,B,base,IS,95,95,21933.74,0.02
gnr,B,base,IS,96,96,21310.64,0.02
gnr,B,smt,BT,1,2,10983.42,63.93
gnr,B,smt,BT,2,4,21950.95,31.99
gnr,B,smt,BT,3,6,32549.22,21.57
gnr,B,smt,BT,4,8,42313.5,16.59
gnr,B,smt,BT,5,10,52556.1,13.36
gnr,B,smt,BT,6,12,63319.21,11.09
gnr,B,smt,BT,7,14,73053.91,9.61
gnr,B,smt,BT,8,16,82644.7,8.5
gnr,B,smt,BT,9,18,93151.84,7.54
gnr,B,smt,BT,10,20,101719.04,6.9
gnr,B,smt,BT,11,22,112148.16,6.26
gnr,B,smt,BT,12,24,123708.84,5.68
gnr,B,smt,BT,13,26,132176.51,5.31
gnr,B,smt,BT,14,28,142636.0,4.92
gnr,B,smt,BT,15,30,150925.8,4.65
gnr,B,smt,BT,16,32,163026.03,4.31
gnr,B,smt,BT,17,34,171088.59,4.1
gnr,B,smt,BT,18,36,179971.32,3.9
gnr,B,smt,BT,19,38,186292.48,3.77
gnr,B,smt,BT,20,40,194721.25,3.61
gnr,B,smt,BT,21,42,205648.4,3.41
gnr,B,smt,BT,22,44,213357.11,3.29
gnr,B,smt,BT,23,46,224323.35,3.13
gnr,B,smt,BT,24,48,232777.26,3.02
gnr,B,smt,BT,25,50,242290.54,2.9
gnr,B,smt,BT,26,52,252685.0,2.78
gnr,B,smt,BT,27,54,260058.41,2.7
gnr,B,smt,BT,28,56,269668.4,2.6
gnr,B,smt,BT,29,58,281057.98,2.5
gnr,B,smt,BT,30,60,288606.85,2.43
gnr,B,smt,BT,31,62,297686.21,2.36
gnr,B,smt,BT,32,64,272722.67,2.57
gnr,B,smt,BT,33,66,313811.47,2.24
gnr,B,smt,BT,34,68,320973.67,2.19
gnr,B,smt,BT,35,70,331816.22,2.12
gnr,B,smt,BT,36,72,339296.59,2.07
gnr,B,smt,BT,37,74,346825.73,2.02
gnr,B,smt,BT,38,76,358261.49,1.96
gnr,B,smt,BT,39,78,369269.02,1.9
gnr,B,smt,BT,40,80,379434.08,1.85
gnr,B,smt,BT,41,82,389216.29,1.8
gnr,B,smt,BT,42,84,398170.45,1.76
gnr,B,smt,BT,43,86,405440.96,1.73
gnr,B,smt,BT,44,88,409689.91,1.71
gnr,B,smt,BT,45,90,421170.05,1.67
gnr,B,smt,BT,46,92,425943.43,1.65
gnr,B,smt,BT,47,94,433474.53,1.62
gnr,B,smt,BT,48,96,436528.45,1.61
gnr,B,smt,BT,49,98,384254.26,1.83
gnr,B,smt,BT,50,100,413503.55,1.7
gnr,B,smt,BT,51,102,449528.02,1.56
gnr,B,smt,BT,52,104,469883.05,1.49
gnr,B,smt,BT,53,106,479048.54,1.47
gnr,B,smt,BT,54,108,489454.72,1.43
gnr,B,smt,BT,55,110,498916.58,1.41
gnr,B,smt,BT,56,112,507302.62,1.38
gnr,B,smt,BT,57,114,513706.19,1.37
gnr,B,smt,BT,58,116,519436.67,1.35
gnr,B,smt,BT,59,118,527392.53,1.33
gnr,B,smt,BT,60,120,532177.82,1.32
gnr,B,smt,BT,61,122,540369.67,1.3
gnr,B,smt,BT,62,124,540560.73,1.3
gnr,B,smt,BT,63,126,549112.79,1.28
gnr,B,smt,BT,64,128,558138.79,1.26
gnr,B,smt,BT,65,130,563194.3,1.25
gnr,B,smt,BT,66,132,445338.54,1.58
gnr,B,smt,BT,67,134,445334.87,1.58
gnr,B,smt,BT,68,136,575054.81,1.22
gnr,B,smt,BT,69,138,575837.63,1.22
gnr,B,smt,BT,70,140,580370.36,1.21
gnr,B,smt,BT,71,142,456652.58,1.54
gnr,B,smt,BT,72,144,589293.05,1.19
gnr,B,smt,BT,73,146,593687.74,1.18
gnr,B,smt,BT,74,148,597961.0,1.17
gnr,B,smt,BT,75,150,601456.91,1.17
gnr,B,smt,BT,76,152,612795.51,1.15
gnr,B,smt,BT,77,154,622123.74,1.13
gnr,B,smt,BT,78,156,623967.08,1.13
gnr,B,smt,BT,79,158,626944.24,1.12
gnr,B,smt,BT,80,160,630328.48,1.11
gnr,B,smt,BT,81,162,636335.14,1.1
gnr,B,smt,BT,82,164,641226.32,1.1
gnr,B,smt,BT,83,166,632837.94,1.11
gnr,B,smt,BT,84,168,639731.14,1.1
gnr,B,smt,BT,85,170,644600.82,1.09
gnr,B,smt,BT,86,172,583446.25,1.2
gnr,B,smt,BT,87,174,647508.57,1.08
gnr,B,smt,BT,88,176,649670.85,1.08
gnr,B,smt,BT,89,178,653418.64,1.07
gnr,B,smt,BT,90,180,659010.67,1.07
gnr,B,smt,BT,91,182,667632.29,1.05
gnr,B,smt,BT,92,184,664139.93,1.06
gnr,B,smt,BT,93,186,669142.01,1.05
gnr,B,smt,BT,94,188,671186.47,1.05
gnr,B,smt,BT,95,190,673810.75,1.04
gnr,B,smt,BT,96,192,671233.39,1.05
gnr,B,smt,CG,1,2,3216.43,17.01
gnr,B,smt,CG,2,4,6215.59,8.8
gnr,B,smt,CG,3,6,9414.21,5.81
gnr,B,smt,CG,4,8,12451.9,4.39
gnr,B,smt,CG,5,10,15542.24,3.52
gnr,B,smt,CG,6,12,18511.36,2.96
gnr,B,smt,CG,7,14,21489.55,2.55
gnr,B,smt,CG,8,16,24249.81,2.26
gnr,B,smt,CG,9,18,27253.0,2.01
gnr,B,smt,CG,10,20,30137.62,1.82
gnr,B,smt,CG,11,22,32626.32,1.68
gnr,B,smt,CG,12,24,35537.14,1.54
gnr,B,smt,CG,13,26,38055.85,1.44
gnr,B,smt,CG,14,28,40601.88,1.35
gnr,B,smt,CG,15,30,43232.38,1.27
gnr,B,smt,CG,16,32,45013.57,1.22
gnr,B,smt,CG,17,34,41476.19,1.32
gnr,B,smt,CG,18,36,32226.64,1.7
gnr,B,smt,CG,19,38,34261.15,1.6
gnr,B,smt,CG,20,40,36032.08,1.52
gnr,B,smt,CG,21,42,41690.81,1.31
gnr,B,smt,CG,22,44,42806.1,1.28
gnr,B,smt,CG,23,46,42781.39,1.28
gnr,B,smt,CG,24,48,44624.55,1.23
gnr,B,smt,CG,25,50,46556.65,1.18
gnr,B,smt,CG,26,52,48096.0,1.14
gnr,B,smt,CG,27,54,49905.75,1.1
gnr,B,smt,CG,28,56,51791.04,1.06
gnr,B,smt,CG,29,58,53642.02,1.02
gnr,B,smt,CG,30,60,55315.99,0.99
gnr,B,smt,CG,31,62,56954.01,0.96
gnr,B,smt,CG,32,64,58598.55,0.93
gnr,B,smt,CG,33,66,56329.06,0.97
gnr,B,smt,CG,34,68,57895.6,0.94
gnr,B,smt,CG,35,70,59225.81,0.92
gnr,B,smt,CG,36,72,60873.33,0.9
gnr,B,smt,CG,37,74,61968.42,0.88
gnr,B,smt,CG,38,76,63085.82,0.87
gnr,B,smt,CG,39,78,63971.78,0.86
gnr,B,smt,CG,40,80,64877.65,0.84
gnr,B,smt,CG,41,82,66185.09,0.83
gnr,B,smt,CG,42,84,67286.7,0.81
gnr,B,smt,CG,43,86,68286.01,0.8
gnr,B,smt,CG,44,88,69048.85,0.79
gnr,B,smt,CG,45,90,69882.25,0.78
gnr,B,smt,CG,46,92,71269.03,0.77
gnr,B,smt,CG,47,94,72437.48,0.76
gnr,B,smt,CG,48,96,72665.11,0.75
gnr,B,smt,CG,49,98,74730.27,0.73
gnr,B,smt,CG,50,100,73767.33,0.74
gnr,B,smt,CG,51,102,72280.04,0.76
gnr,B,smt,CG,52,104,76168.66,0.72
gnr,B,smt,CG,53,106,76497.56,0.72
gnr,B,smt,CG,54,108,78136.3,0.7
gnr,B,smt,CG,55,110,77382.04,0.71
gnr,B,smt,CG,56,112,78571.13,0.7
gnr,B,smt,CG,57,114,78774.88,0.69
gnr,B,smt,CG,58,116,79774.79,0.69
gnr,B,smt,CG,59,118,80712.43,0.68
gnr,B,smt,CG,60,120,81094.74,0.67
gnr,B,smt,CG,61,122,82587.6,0.66
gnr,B,smt,CG,62,124,83983.91,0.65
gnr,B,smt,CG,63,126,84908.57,0.64
gnr,B,smt,CG,64,128,85566.84,0.64
gnr,B,smt,CG,65,130,82544.83,0.66
gnr,B,smt,CG,66,132,83291.43,0.66
gnr,B,smt,CG,67,134,82791.85,0.66
gnr,B,smt,CG,68,136,83914.92,0.65
gnr,B,smt,CG,69,138,83297.9,0.66
gnr,B,smt,CG,70,140,84459.77,0.65
gnr,B,smt,CG,71,142,84872.61,0.64
gnr,B,smt,CG,72,144,84230.22,0.65
gnr,B,smt,CG,73,146,84842.99,0.64
gnr,B,smt,CG,74,148,85639.14,0.64
gnr,B,smt,CG,75,150,86148.39,0.64
gnr,B,smt,CG,76,152,86432.89,0.63
gnr,B,smt,CG,77,154,85415.83,0.64
gnr,B,smt,CG,78,156,85216.35,0.64
gnr,B,smt,CG,79,158,85033.44,0.64
gnr,B,smt,CG,80,160,85263.23,0.64
gnr,B,smt,CG,81,162,87626.43,0.62
gnr,B,smt,CG,82,164,83901.94,0.65
gnr,B,smt,CG,83,166,82149.35,0.67
gnr,B,smt,CG,84,168,85693.91,0.64
gnr,B,smt,CG,85,170,92256.58,0.59
gnr,B,smt,CG,86,172,84192.24,0.65
gnr,B,smt,CG,87,174,84037.34,0.65
gnr,B,smt,CG,88,176,86778.92,0.63
gnr,B,smt,CG,89,178,88606.96,0.62
gnr,B,smt,CG,90,180,79633.18,0.69
gnr,B,smt,CG,91,182,76082.05,0.72
gnr,B,smt,CG,92,184,77659.14,0.7
gnr,B,smt,CG,93,186,83977.76,0.65
gnr,B,smt,CG,94,188,77293.45,0.71
gnr,B,smt,CG,95,190,72186.43,0.76
gnr,B,smt,CG,96,192,75146.7,0.73
gnr,B,smt,EP,1,2,278.5,7.71
gnr,B,smt,EP,2,4,556.28,3.86
gnr,B,smt,EP,3,6,833.88,2.58
gnr,B,smt,EP,4,8,1109.98,1.93
gnr,B,smt,EP,5,10,1390.9,1.54
gnr,B,smt,EP,6,12,1665.15,1.29
gnr,B,smt,EP,7,14,1943.98,1.1
gnr,B,smt,EP,8,16,1655.22,1.3
gnr,B,smt,EP,9,18,2471.43,0.87
gnr,B,smt,EP,10,20,2773.5,0.77
gnr,B,smt,EP,11,22,2274.82,0.94
gnr,B,smt,EP,12,24,2479.24,0.87
gnr,B,smt,EP,13,26,2686.77,0.8
gnr,B,smt,EP,14,28,2887.76,0.74
gnr,B,smt,EP,15,30,3091.79,0.69
gnr,B,smt,EP,16,32,3290.35,0.65
gnr,B,smt,EP,17,34,3512.55,0.61
gnr,B,smt,EP,18,36,3715.37,0.58
gnr,B,smt,EP,19,38,3709.39,0.58
gnr,B,smt,EP,20,40,4135.75,0.52
gnr,B,smt,EP,21,42,4098.06,0.52
gnr,B,smt,EP,22,44,4523.82,0.47
gnr,B,smt,EP,23,46,4741.21,0.45
gnr,B,smt,EP,24,48,4665.3,0.46
gnr,B,smt,EP,25,50,5149.03,0.42
gnr,B,smt,EP,26,52,5071.39,0.42
gnr,B,smt,EP,27,54,7394.14,0.29
gnr,B,smt,EP,28,56,5764.2,0.37
gnr,B,smt,EP,29,58,5996.06,0.36
gnr,B,smt,EP,30,60,5831.18,0.37
gnr,B,smt,EP,31,62,6374.34,0.34
gnr,B,smt,EP,32,64,6570.33,0.33
gnr,B,smt,EP,33,66,6796.07,0.32
gnr,B,smt,EP,34,68,6976.34,0.31
gnr,B,smt,EP,35,70,7208.61,0.3
gnr,B,smt,EP,36,72,7408.97,0.29
gnr,B,smt,EP,37,74,7616.24,0.28
gnr,B,smt,EP,38,76,7376.64,0.29
gnr,B,smt,EP,39,78,8002.42,0.27
gnr,B,smt,EP,40,80,8236.59,0.26
gnr,B,smt,EP,41,82,8446.09,0.25
gnr,B,smt,EP,42,84,8650.64,0.25
gnr,B,smt,EP,43,86,8839.66,0.24
gnr,B,smt,EP,44,88,8547.63,0.25
gnr,B,smt,EP,45,90,8693.79,0.25
gnr,B,smt,EP,46,92,9369.3,0.23
gnr,B,smt,EP,47,94,9636.22,0.22
gnr,B,smt,EP,48,96,9870.25,0.22
gnr,B,smt,EP,49,98,9537.98,0.23
gnr,B,smt,EP,50,100,10167.43,0.21
gnr,B,smt,EP,51,102,10474.25,0.21
gnr,B,smt,EP,52,104,10570.48,0.2
gnr,B,smt,EP,53,106,10875.85,0.2
gnr,B,smt,EP,54,108,10872.45,0.2
gnr,B,smt,EP,55,110,11298.59,0.19
gnr,B,smt,EP,56,112,10914.41,0.2
gnr,B,smt,EP,57,114,11681.76,0.18
gnr,B,smt,EP,58,116,11249.62,0.19
gnr,B,smt,EP,59,118,12026.44,0.18
gnr,B,smt,EP,60,120,12257.45,0.18
gnr,B,smt,EP,61,122,11821.55,0.18
gnr,B,smt,EP,62,124,12735.49,0.17
gnr,B,smt,EP,63,126,12961.52,0.17
gnr,B,smt,EP,64,128,12443.65,0.17
gnr,B,smt,EP,65,130,13351.5,0.16
gnr,B,smt,EP,66,132,13319.86,0.16
gnr,B,smt,EP,67,134,13704.22,0.16
gnr,B,smt,EP,68,136,13263.22,0.16
gnr,B,smt,EP,69,138,13365.52,0.16
gnr,B,smt,EP,70,140,14317.54,0.15
gnr,B,smt,EP,71,142,13812.55,0.16
gnr,B,smt,EP,72,144,13575.16,0.16
gnr,B,smt,EP,73,146,14219.26,0.15
gnr,B,smt,EP,74,148,14480.72,0.15
gnr,B,smt,EP,75,150,15293.07,0.14
gnr,B,smt,EP,76,152,14708.26,0.15
gnr,B,smt,EP,77,154,14777.03,0.15
gnr,B,smt,EP,78,156,15093.18,0.14
gnr,B,smt,EP,79,158,16040.07,0.13
gnr,B,smt,EP,80,160,16172.17,0.13
gnr,B,smt,EP,81,162,15616.02,0.14
gnr,B,smt,EP,82,164,15706.5,0.14
gnr,B,smt,EP,83,166,16683.2,0.13
gnr,B,smt,EP,84,168,16166.73,0.13
gnr,B,smt,EP,85,170,17020.09,0.13
gnr,B,smt,EP,86,172,16104.49,0.13
gnr,B,smt,EP,87,174,16492.42,0.13
gnr,B,smt,EP,88,176,16556.24,0.13
gnr,B,smt,EP,89,178,17519.57,0.12
gnr,B,smt,EP,90,180,16877.79,0.13
gnr,B,smt,EP,91,182,17040.19,0.13
gnr,B,smt,EP,92,184,17180.02,0.12
gnr,B,smt,EP,93,186,17302.99,0.12
gnr,B,smt,EP,94,188,17383.45,0.12
gnr,B,smt,EP,95,190,17451.12,0.12
gnr,B,smt,EP,96,192,17871.86,0.12
gnr,B,smt,FT,1,2,7762.4,11.86
gnr,B,smt,FT,2,4,15476.12,5.95
gnr,B,smt,FT,3,6,23386.69,3.94
gnr,B,smt,FT,4,8,30384.13,3.03
gnr,B,smt,FT,5,10,38356.99,2.4
gnr,B,smt,FT,6,12,45111.55,2.04
gnr,B,smt,FT,7,14,51923.27,1.77
gnr,B,smt,FT,8,16,57677.52,1.6
gnr,B,smt,FT,9,18,63843.98,1.44
gnr,B,smt,FT,10,20,69204.26,1.33
gnr,B,smt,FT,11,22,73889.25,1.25
gnr,B,smt,FT,12,24,79136.83,1.16
gnr,B,smt,FT,13,26,83959.35,1.1
gnr,B,smt,FT,14,28,88293.79,1.04
gnr,B,smt,FT,15,30,91802.61,1.0
gnr,B,smt,FT,16,32,96602.36,0.95
gnr,B,smt,FT,17,34,100741.37,0.91
gnr,B,smt,FT,18,36,104206.35,0.88
gnr,B,smt,FT,19,38,109139.03,0.84
gnr,B,smt,FT,20,40,109435.48,0.84
gnr,B,smt,FT,21,42,110998.17,0.83
gnr,B,smt,FT,22,44,114819.12,0.8
gnr,B,smt,FT,23,46,116633.66,0.79
gnr,B,smt,FT,24,48,118009.36,0.78
gnr,B,smt,FT,25,50,119999.35,0.77
gnr,B,smt,FT,26,52,121725.56,0.76
gnr,B,smt,FT,27,54,122511.37,0.75
gnr,B,smt,FT,28,56,124310.67,0.74
gnr,B,smt,FT,29,58,124726.19,0.74
gnr,B,smt,FT,30,60,126246.38,0.73
gnr,B,smt,FT,31,62,126765.57,0.73
gnr,B,smt,FT,32,64,127072.8,0.72
gnr,B,smt,FT,33,66,133210.7,0.69
gnr,B,smt,FT,34,68,137120.72,0.67
gnr,B,smt,FT,35,70,142494.22,0.65
gnr,B,smt,FT,36,72,147012.95,0.63
gnr,B,smt,FT,37,74,151459.25,0.61
gnr,B,smt,FT,38,76,157438.24,0.58
gnr,B,smt,FT,39,78,162909.86,0.57
gnr,B,smt,FT,40,80,167941.49,0.55
gnr,B,smt,FT,41,82,172224.51,0.53
gnr,B,smt,FT,42,84,176279.74,0.52
gnr,B,smt,FT,43,86,177877.97,0.52
gnr,B,smt,FT,44,88,185159.43,0.5
gnr,B,smt,FT,45,90,192228.7,0.48
gnr,B,smt,FT,46,92,196506.02,0.47
gnr,B,smt,FT,47,94,203370.37,0.45
gnr,B,smt,FT,48,96,207039.6,0.44
gnr,B,smt,FT,49,98,213148.2,0.43
gnr,B,smt,FT,50,100,218116.71,0.42
gnr,B,smt,FT,51,102,218930.89,0.42
gnr,B,smt,FT,52,104,226893.79,0.41
gnr,B,smt,FT,53,106,235153.35,0.39
gnr,B,smt,FT,54,108,242523.29,0.38
gnr,B,smt,FT,55,110,248362.77,0.37
gnr,B,smt,FT,56,112,255731.16,0.36
gnr,B,smt,FT,57,114,264220.83,0.35
gnr,B,smt,FT,58,116,267302.98,0.34
gnr,B,smt,FT,59,118,272667.39,0.34
gnr,B,smt,FT,60,120,274201.04,0.34
gnr,B,smt,FT,61,122,277348.52,0.33
gnr,B,smt,FT,62,124,286137.42,0.32
gnr,B,smt,FT,63,126,288705.2,0.32
gnr,B,smt,FT,64,128,291243.72,0.32
gnr,B,smt,FT,65,130,295828.04,0.31
gnr,B,smt,FT,66,132,297834.85,0.31
gnr,B,smt,FT,67,134,304480.79,0.3
gnr,B,smt,FT,68,136,314613.39,0.29
gnr,B,smt,FT,69,138,327082.14,0.28
gnr,B,smt,FT,70,140,332707.06,0.28
gnr,B,smt,FT,71,142,342889.7,0.27
gnr,B,smt,FT,72,144,344490.13,0.27
gnr,B,smt,FT,73,146,345188.66,0.27
gnr,B,smt,FT,74,148,352213.59,0.26
gnr,B,smt,FT,75,150,353737.73,0.26
gnr,B,smt,FT,76,152,358441.06,0.26
gnr,B,smt,FT,77,154,361771.95,0.25
gnr,B,smt,FT,78,156,361026.87,0.25
gnr,B,smt,FT,79,158,376306.81,0.24
gnr,B,smt,FT,80,160,375086.78,0.25
gnr,B,smt,FT,81,162,380533.65,0.24
gnr,B,smt,FT,82,164,380125.53,0.24
gnr,B,smt,FT,83,166,384149.3,0.24
gnr,B,smt,FT,84,168,380329.79,0.24
gnr,B,smt,FT,85,170,389229.94,0.24
gnr,B,smt,FT,86,172,389888.06,0.24
gnr,B,smt,FT,87,174,395473.02,0.23
gnr,B,smt,FT,88,176,382628.73,0.24
gnr,B,smt,FT,89,178,396270.37,0.23
gnr,B,smt,FT,90,180,411963.48,0.22
gnr,B,smt,FT,91,182,413392.46,0.22
gnr,B,smt,FT,92,184,415957.67,0.22
gnr,B,smt,FT,93,186,416943.78,0.22
gnr,B,smt,FT,94,188,426444.11,0.22
gnr,B,smt,FT,95,190,421353.56,0.22
gnr,B,smt,FT,96,192,425726.81,0.22
gnr,B,smt,IS,1,2,467.44,0.72
gnr,B,smt,IS,2,4,836.77,0.4
gnr,B,smt,IS,3,6,1348.87,0.25
gnr,B,smt,IS,4,8,1757.23,0.19
gnr,B,smt,IS,5,10,2128.96,0.16
gnr,B,smt,IS,6,12,2570.38,0.13
gnr,B,smt,IS,7,14,2994.59,0.11
gnr,B,smt,IS,8,16,3288.46,0.1
gnr,B,smt,IS,9,18,3638.49,0.09
gnr,B,smt,IS,10,20,4166.62,0.08
gnr,B,smt,IS,11,22,4445.66,0.08
gnr,B,smt,IS,12,24,4725.66,0.07
gnr,B,smt,IS,13,26,5230.97,0.06
gnr,B,smt,IS,14,28,5498.16,0.06
gnr,B,smt,IS,15,30,5796.76,0.06
gnr,B,smt,IS,16,32,6089.37,0.06
gnr,B,smt,IS,17,34,6509.26,0.05
gnr,B,smt,IS,18,36,6710.93,0.05
gnr,B,smt,IS,19,38,6923.61,0.05
gnr,B,smt,IS,20,40,7425.35,0.05
gnr,B,smt,IS,21,42,7598.3,0.04
gnr,B,smt,IS,22,44,7934.27,0.04
gnr,B,smt,IS,23,46,8230.0,0.04
gnr,B,smt,IS,24,48,8606.52,0.04
gnr,B,smt,IS,25,50,8832.6,0.04
gnr,B,smt,IS,26,52,9088.99,0.04
gnr,B,smt,IS,27,54,9462.21,0.04
gnr,B,smt,IS,28,56,9758.7,0.03
gnr,B,smt,IS,29,58,9989.51,0.03
gnr,B,smt,IS,30,60,10309.64,0.03
gnr,B,smt,IS,31,62,10609.62,0.03
gnr,B,smt,IS,32,64,10754.86,0.03
gnr,B,smt,IS,33,66,11403.41,0.03
gnr,B,smt,IS,34,68,11466.38,0.03
gnr,B,smt,IS,35,70,12377.51,0.03
gnr,B,smt,IS,36,72,12913.95,0.03
gnr,B,smt,IS,37,74,13664.75,0.02
gnr,B,smt,IS,38,76,13995.7,0.02
gnr,B,smt,IS,39,78,14498.69,0.02
gnr,B,smt,IS,40,80,15228.99,0.02
gnr,B,smt,IS,41,82,15906.09,0.02
gnr,B,smt,IS,42,84,16184.87,0.02
gnr,B,smt,IS,43,86,16405.78,0.02
gnr,B,smt,IS,44,88,17199.64,0.02
gnr,B,smt,IS,45,90,17538.07,0.02
gnr,B,smt,IS,46,92,17609.38,0.02
gnr,B,smt,IS,47,94,18466.59,0.02
gnr,B,smt,IS,48,96,18555.89,0.02
gnr,B,smt,IS,49,98,18659.0,0.02
gnr,B,smt,IS,50,100,19224.03,0.02
gnr,B,smt,IS,51,102,19613.01,0.02
gnr,B,smt,IS,52,104,19305.47,0.02
gnr,B,smt,IS,53,106,19772.06,0.02
gnr,B,smt,IS,54,108,20613.1,0.02
gnr,B,smt,IS,55,110,20203.28,0.02
gnr,B,smt,IS,56,112,20291.65,0.02
gnr,B,smt,IS,57,114,20983.59,0.02
gnr,B,smt,IS,58,116,21585.38,0.02
gnr,B,smt,IS,59,118,20763.8,0.02
gnr,B,smt,IS,60,120,21224.59,0.02
gnr,B,smt,IS,61,122,22036.02,0.02
gnr,B,smt,IS,62,124,21279.76,0.02
gnr,B,smt,IS,63,126,21523.23,0.02
gnr,B,smt,IS,64,128,22246.12,0.02
gnr,B,smt,IS,65,130,20391.71,0.02
gnr,B,smt,IS,66,132,19278.4,0.02
gnr,B,smt,IS,67,134,20357.15,0.02
gnr,B,smt,IS,68,136,20206.94,0.02
gnr,B,smt,IS,69,138,20423.73,0.02
gnr,B,smt,IS,70,140,20389.23,0.02
gnr,B,smt,IS,71,142,21116.91,0.02
gnr,B,smt,IS,72,144,20397.65,0.02
gnr,B,smt,IS,73,146,20953.55,0.02
gnr,B,smt,IS,74,148,21215.26,0.02
gnr,B,smt,IS,75,150,20792.8,0.02
gnr,B,smt,IS,76,152,20993.83,0.02
gnr,B,smt,IS,77,154,21185.73,0.02
gnr,B,smt,IS,78,156,21407.24,0.02
gnr,B,smt,IS,79,158,20874.39,0.02
gnr,B,smt,IS,80,160,21099.38,0.02
gnr,B,smt,IS,81,162,21474.88,0.02
gnr,B,smt,IS,82,164,20813.49,0.02
gnr,B,smt,IS,83,166,21108.06,0.02
gnr,B,smt,IS,84,168,21192.08,0.02
gnr,B,smt,IS,85,170,20965.74,0.02
gnr,B,smt,IS,86,172,21081.41,0.02
gnr,B,smt,IS,87,174,2909.84,0.12
gnr,B,smt,IS,88,176,21581.24,0.02
gnr,B,smt,IS,89,178,20962.41,0.02
gnr,B,smt,IS,90,180,20569.44,0.02
gnr,B,smt,IS,91,182,21394.62,0.02
gnr,B,smt,IS,92,184,20252.03,0.02
gnr,B,smt,IS,93,186,20927.95,0.02
gnr,B,smt,IS,94,188,2796.76,0.12
gnr,B,smt,IS,95,190,20933.59,0.02
gnr,B,smt,IS,96,192,20109.97,0.02
gnr,B,smt,LU,1,2,14119.09,35.33
gnr,B,smt,LU,2,4,27311.77,18.26
gnr,B,smt,LU,3,6,39649.98,12.58
gnr,B,smt,LU,4,8,50142.92,9.95
gnr,B,smt,LU,5,10,62487.83,7.98
gnr,B,smt,LU,6,12,71625.44,6.96
gnr,B,smt,LU,7,14,80662.41,6.18
gnr,B,smt,LU,8,16,88750.6,5.62
gnr,B,smt,LU,9,18,100471.84,4.96
gnr,B,smt,LU,10,20,113332.79,4.4
gnr,B,smt,LU,11,22,117072.64,4.26
gnr,B,smt,LU,12,24,121064.48,4.12
gnr,B,smt,LU,13,26,138181.18,3.61
gnr,B,smt,LU,14,28,141970.96,3.51
gnr,B,smt,LU,15,30,144345.17,3.46
gnr,B,smt,LU,16,32,147484.64,3.38
gnr,B,smt,LU,17,34,166613.12,2.99
gnr,B,smt,LU,18,36,168916.54,2.95
gnr,B,smt,LU,19,38,169813.76,2.94
gnr,B,smt,LU,20,40,171309.93,2.91
gnr,B,smt,LU,21,42,174469.86,2.86
gnr,B,smt,LU,22,44,175733.82,2.84
gnr,B,smt,LU,23,46,179183.81,2.78
gnr,B,smt,LU,24,48,181859.91,2.74
gnr,B,smt,LU,25,50,213558.32,2.34
gnr,B,smt,LU,26,52,219004.65,2.28
gnr,B,smt,LU,27,54,221569.53,2.25
gnr,B,smt,LU,28,56,223770.19,2.23
gnr,B,smt,LU,29,58,226132.36,2.21
gnr,B,smt,LU,30,60,226665.61,2.2
gnr,B,smt,LU,31,62,229503.69,2.17
gnr,B,smt,LU,32,64,230053.49,2.17
gnr,B,smt,LU,33,66,230923.34,2.16
gnr,B,smt,LU,34,68,229766.14,2.17
gnr,B,smt,LU,35,70,232008.29,2.15
gnr,B,smt,LU,36,72,232175.42,2.15
gnr,B,smt,LU,37,74,232070.92,2.15
gnr,B,smt,LU,38,76,231726.22,2.15
gnr,B,smt,LU,39,78,230975.01,2.16
gnr,B,smt,LU,40,80,230351.24,2.17
gnr,B,smt,LU,41,82,200770.83,2.48
gnr,B,smt,LU,42,84,229346.43,2.17
gnr,B,smt,LU,43,86,228352.02,2.18
gnr,B,smt,LU,44,88,227313.27,2.19
gnr,B,smt,LU,45,90,225750.57,2.21
gnr,B,smt,LU,46,92,224397.66,2.22
gnr,B,smt,LU,47,94,223103.5,2.24
gnr,B,smt,LU,48,96,222376.48,2.24
gnr,B,smt,LU,49,98,223123.8,2.24
gnr,B,smt,LU,50,100,254017.6,1.96
gnr,B,smt,LU,51,102,265769.48,1.88
gnr,B,smt,LU,52,104,270864.41,1.84
gnr,B,smt,LU,53,106,269602.42,1.85
gnr,B,smt,LU,54,108,269359.16,1.85
gnr,B,smt,LU,55,110,268840.03,1.86
gnr,B,smt,LU,56,112,267744.95,1.86
gnr,B,smt,LU,57,114,267617.8,1.86
gnr,B,smt,LU,58,116,266148.51,1.87
gnr,B,smt,LU,59,118,266338.75,1.87
gnr,B,smt,LU,60,120,265574.51,1.88
gnr,B,smt,LU,61,122,266201.69,1.87
gnr,B,smt,LU,62,124,263193.84,1.9
gnr,B,smt,LU,63,126,265894.0,1.88
gnr,B,smt,LU,64,128,266938.14,1.87
gnr,B,smt,LU,65,130,265030.93,1.88
gnr,B,smt,LU,66,132,261716.83,1.91
gnr,B,smt,LU,67,134,259734.07,1.92
gnr,B,smt,LU,68,136,258523.17,1.93
gnr,B,smt,LU,69,138,257547.71,1.94
gnr,B,smt,LU,70,140,255952.97,1.95
gnr,B,smt,LU,71,142,255137.64,1.96
gnr,B,smt,LU,72,144,254154.59,1.96
gnr,B,smt,LU,73,146,253881.63,1.96
gnr,B,smt,LU,74,148,252892.67,1.97
gnr,B,smt,LU,75,150,251624.75,1.98
gnr,B,smt,LU,76,152,221885.28,2.25
gnr,B,smt,LU,77,154,253352.58,1.97
gnr,B,smt,LU,78,156,252519.11,1.98
gnr,B,smt,LU,79,158,251157.13,1.99
gnr,B,smt,LU,80,160,251884.63,1.98
gnr,B,smt,LU,81,162,222417.51,2.24
gnr,B,smt,LU,82,164,254428.42,1.96
gnr,B,smt,LU,83,166,250732.16,1.99
gnr,B,smt,LU,84,168,251029.62,1.99
gnr,B,smt,LU,85,170,254012.69,1.96
gnr,B,smt,LU,86,172,253741.48,1.97
gnr,B,smt,LU,87,174,251353.11,1.98
gnr,B,smt,LU,88,176,253757.05,1.97
gnr,B,smt,LU,89,178,253286.46,1.97
gnr,B,smt,LU,90,180,253365.17,1.97
gnr,B,smt,LU,91,182,255645.07,1.95
gnr,B,smt,LU,92,184,253741.16,1.97
gnr,B,smt,LU,93,186,255251.52,1.95
gnr,B,smt,LU,94,188,254153.11,1.96
gnr,B,smt,LU,95,190,255864.69,1.95
gnr,B,smt,LU,96,192,255432.19,1.95
gnr,B,smt,MG,1,2,7799.87,2.5
gnr,B,smt,MG,2,4,15502.75,1.26
gnr,B,smt,MG,3,6,22466.71,0.87
gnr,B,smt,MG,4,8,29331.87,0.66
gnr,B,smt,MG,5,10,35798.47,0.54
gnr,B,smt,MG,6,12,41741.48,0.47
gnr,B,smt,MG,7,14,47135.66,0.41
gnr,B,smt,MG,8,16,52031.35,0.37
gnr,B,smt,MG,9,18,56206.89,0.35
gnr,B,smt,MG,10,20,60055.54,0.32
gnr,B,smt,MG,11,22,63766.43,0.31
gnr,B,smt,MG,12,24,67304.69,0.29
gnr,B,smt,MG,13,26,70050.78,0.28
gnr,B,smt,MG,14,28,72420.12,0.27
gnr,B,smt,MG,15,30,74327.89,0.26
gnr,B,smt,MG,16,32,76180.98,0.26
gnr,B,smt,MG,17,34,77547.84,0.25
gnr,B,smt,MG,18,36,78767.94,0.25
gnr,B,smt,MG,19,38,79788.36,0.24
gnr,B,smt,MG,20,40,81308.61,0.24
gnr,B,smt,MG,21,42,82483.31,0.24
gnr,B,smt,MG,22,44,83601.19,0.23
gnr,B,smt,MG,23,46,84505.73,0.23
gnr,B,smt,MG,24,48,85455.49,0.23
gnr,B,smt,MG,25,50,86182.72,0.23
gnr,B,smt,MG,26,52,87066.65,0.22
gnr,B,smt,MG,27,54,88044.6,0.22
gnr,B,smt,MG,28,56,88652.66,0.22
gnr,B,smt,MG,29,58,89567.23,0.22
gnr,B,smt,MG,30,60,90272.83,0.22
gnr,B,smt,MG,31,62,91296.54,0.21
gnr,B,smt,MG,32,64,92556.33,0.21
gnr,B,smt,MG,33,66,97651.67,0.2
gnr,B,smt,MG,34,68,103800.55,0.19
gnr,B,smt,MG,35,70,110619.87,0.18
gnr,B,smt,MG,36,72,116855.47,0.17
gnr,B,smt,MG,37,74,124235.23,0.16
gnr,B,smt,MG,38,76,132186.7,0.15
gnr,B,smt,MG,39,78,139331.35,0.14
gnr,B,smt,MG,40,80,146329.62,0.13
gnr,B,smt,MG,41,82,153745.05,0.13
gnr,B,smt,MG,42,84,160676.58,0.12
gnr,B,smt,MG,43,86,167504.59,0.12
gnr,B,smt,MG,44,88,173532.55,0.11
gnr,B,smt,MG,45,90,179481.98,0.11
gnr,B,smt,MG,46,92,184330.99,0.11
gnr,B,smt,MG,47,94,187731.98,0.1
gnr,B,smt,MG,48,96,191352.35,0.1
gnr,B,smt,MG,49,98,196488.23,0.1
gnr,B,smt,MG,50,100,198899.32,0.1
gnr,B,smt,MG,51,102,205905.58,0.09
gnr,B,smt,MG,52,104,209036.14,0.09
gnr,B,smt,MG,53,106,211694.69,0.09
gnr,B,smt,MG,54,108,215021.3,0.09
gnr,B,smt,MG,55,110,219406.1,0.09
gnr,B,smt,MG,56,112,225227.92,0.09
gnr,B,smt,MG,57,114,227622.38,0.09
gnr,B,smt,MG,58,116,228326.26,0.09
gnr,B,smt,MG,59,118,230923.6,0.08
gnr,B,smt,MG,60,120,231803.58,0.08
gnr,B,smt,MG,61,122,235180.68,0.08
gnr,B,smt,MG,62,124,235432.47,0.08
gnr,B,smt,MG,63,126,234926.6,0.08
gnr,B,smt,MG,64,128,235362.88,0.08
gnr,B,smt,MG,65,130,236940.55,0.08
gnr,B,smt,MG,66,132,238054.14,0.08
gnr,B,smt,MG,67,134,237967.57,0.08
gnr,B,smt,MG,68,136,241122.78,0.08
gnr,B,smt,MG,69,138,236323.11,0.08
gnr,B,smt,MG,70,140,238338.11,0.08
gnr,B,smt,MG,71,142,237857.62,0.08
gnr,B,smt,MG,72,144,239332.3,0.08
gnr,B,smt,MG,73,146,236963.1,0.08
gnr,B,smt,MG,74,148,238680.87,0.08
gnr,B,smt,MG,75,150,238352.31,0.08
gnr,B,smt,MG,76,152,234992.56,0.08
gnr,B,smt,MG,77,154,235271.31,0.08
gnr,B,smt,MG,78,156,235043.28,0.08
gnr,B,smt,MG,79,158,233429.32,0.08
gnr,B,smt,MG,80,160,230452.52,0.08
gnr,B,smt,MG,81,162,232199.45,0.08
gnr,B,smt,MG,82,164,232010.13,0.08
gnr,B,smt,MG,83,166,229475.43,0.08
gnr,B,smt,MG,84,168,225725.85,0.09
gnr,B,smt,MG,85,170,226317.6,0.09
gnr,B,smt,MG,86,172,226934.57,0.09
gnr,B,smt,MG,87,174,222992.18,0.09
gnr,B,smt,MG,88,176,210298.59,0.09
gnr,B,smt,MG,89,178,208022.58,0.09
gnr,B,smt,MG,90,180,220324.81,0.09
gnr,B,smt,MG,91,182,222696.06,0.09
gnr,B,smt,MG,92,184,221631.4,0.09
gnr,B,smt,MG,93,186,226294.69,0.09
gnr,B,smt,MG,94,188,217994.13,0.09
gnr,B,smt,MG,95,190,220172.05,0.09
gnr,B,smt,MG,96,192,209424.84,0.09
gnr,B,smt,SP,1,2,8762.93,40.51
gnr,B,smt,SP,2,4,17418.44,20.38
gnr,B,smt,SP,3,6,25299.94,14.03
gnr,B,smt,SP,4,8,30904.52,11.49
gnr,B,smt,SP,5,10,38400.53,9.24
gnr,B,smt,SP,6,12,46053.59,7.71
gnr,B,smt,SP,7,14,52142.1,6.81
gnr,B,smt,SP,8,16,57143.19,6.21
gnr,B,smt,SP,9,18,64466.5,5.51
gnr,B,smt,SP,10,20,68927.01,5.15
gnr,B,smt,SP,11,22,76289.73,4.65
gnr,B,smt,SP,12,24,85413.18,4.16
gnr,B,smt,SP,13,26,89463.59,3.97
gnr,B,smt,SP,14,28,96255.62,3.69
gnr,B,smt,SP,15,30,104376.62,3.4
gnr,B,smt,SP,16,32,112653.84,3.15
gnr,B,smt,SP,17,34,114424.31,3.1
gnr,B,smt,SP,18,36,113071.39,3.14
gnr,B,smt,SP,19,38,115513.8,3.07
gnr,B,smt,SP,20,40,118704.5,2.99
gnr,B,smt,SP,21,42,128317.36,2.77
gnr,B,smt,SP,22,44,134975.82,2.63
gnr,B,smt,SP,23,46,140502.02,2.53
gnr,B,smt,SP,24,48,145971.0,2.43
gnr,B,smt,SP,25,50,149929.61,2.37
gnr,B,smt,SP,26,52,155874.41,2.28
gnr,B,smt,SP,27,54,160343.18,2.21
gnr,B,smt,SP,28,56,164947.07,2.15
gnr,B,smt,SP,29,58,169556.79,2.09
gnr,B,smt,SP,30,60,173753.14,2.04
gnr,B,smt,SP,31,62,179074.17,1.98
gnr,B,smt,SP,32,64,184173.6,1.93
gnr,B,smt,SP,33,66,190349.81,1.87
gnr,B,smt,SP,34,68,196901.32,1.8
gnr,B,smt,SP,35,70,202091.14,1.76
gnr,B,smt,SP,36,72,210151.84,1.69
gnr,B,smt,SP,37,74,216791.87,1.64
gnr,B,smt,SP,38,76,222907.61,1.59
gnr,B,smt,SP,39,78,229753.65,1.55
gnr,B,smt,SP,40,80,235875.95,1.51
gnr,B,smt,SP,41,82,242988.53,1.46
gnr,B,smt,SP,42,84,249487.01,1.42
gnr,B,smt,SP,43,86,254177.87,1.4
gnr,B,smt,SP,44,88,265920.96,1.34
gnr,B,smt,SP,45,90,273137.38,1.3
gnr,B,smt,SP,46,92,280249.96,1.27
gnr,B,smt,SP,47,94,282516.45,1.26
gnr,B,smt,SP,48,96,286789.6,1.24
gnr,B,smt,SP,49,98,284308.56,1.25
gnr,B,smt,SP,50,100,267311.52,1.33
gnr,B,smt,SP,51,102,289694.92,1.23
gnr,B,smt,SP,52,104,304229.05,1.17
gnr,B,smt,SP,53,106,312501.78,1.14
gnr,B,smt,SP,54,108,319587.58,1.11
gnr,B,smt,SP,55,110,327669.39,1.08
gnr,B,smt,SP,56,112,330741.46,1.07
gnr,B,smt,SP,57,114,340470.92,1.04
gnr,B,smt,SP,58,116,342849.4,1.04
gnr,B,smt,SP,59,118,346335.04,1.03
gnr,B,smt,SP,60,120,350130.9,1.01
gnr,B,smt,SP,61,122,354089.0,1.0
gnr,B,smt,SP,62,124,353243.73,1.01
gnr,B,smt,SP,63,126,358462.86,0.99
gnr,B,smt,SP,64,128,362495.61,0.98
gnr,B,smt,SP,65,130,366425.07,0.97
gnr,B,smt,SP,66,132,363463.19,0.98
gnr,B,smt,SP,67,134,362700.26,0.98
gnr,B,smt,SP,68,136,369589.97,0.96
gnr,B,smt,SP,69,138,369724.74,0.96
gnr,B,smt,SP,70,140,375864.95,0.94
gnr,B,smt,SP,71,142,373799.84,0.95
gnr,B,smt,SP,72,144,376332.8,0.94
gnr,B,smt,SP,73,146,376983.01,0.94
gnr,B,smt,SP,74,148,376661.43,0.94
gnr,B,smt,SP,75,150,378835.8,0.94
gnr,B,smt,SP,76,152,382747.07,0.93
gnr,B,smt,SP,77,154,388410.45,0.91
gnr,B,smt,SP,78,156,389820.38,0.91
gnr,B,smt,SP,79,158,392880.16,0.9
gnr,B,smt,SP,80,160,395986.63,0.9
gnr,B,smt,SP,81,162,397389.47,0.89
gnr,B,smt,SP,82,164,392863.99,0.9
gnr,B,smt,SP,83,166,392410.87,0.9
gnr,B,smt,SP,84,168,400477.81,0.89
gnr,B,smt,SP,85,170,406587.67,0.87
gnr,B,smt,SP,86,172,412502.85,0.86
gnr,B,smt,SP,87,174,411806.57,0.86
gnr,B,smt,SP,88,176,415951.27,0.85
gnr,B,smt,SP,89,178,416825.76,0.85
gnr,B,smt,SP,90,180,416288.54,0.85
gnr,B,smt,SP,91,182,422180.3,0.84
gnr,B,smt,SP,92,184,420073.13,0.85
gnr,B,smt,SP,93,186,417527.73,0.85
gnr,B,smt,SP,94,188,419662.73,0.85
gnr,B,smt,SP,95,190,291396.51,1.22
gnr,B,smt,SP,96,192,417128.76,0.85
gnr,B,smt,UA,1,2,37.0,59.7
gnr,B,smt,UA,2,4,72.85,30.32
gnr,B,smt,UA,3,6,104.96,21.05
gnr,B,smt,UA,4,8,125.34,17.62
gnr,B,smt,UA,5,10,154.72,14.28
gnr,B,smt,UA,6,12,183.68,12.03
gnr,B,smt,UA,7,14,206.6,10.69
gnr,B,smt,UA,8,16,231.54,9.54
gnr,B,smt,UA,9,18,261.28,8.45
gnr,B,smt,UA,10,20,283.92,7.78
gnr,B,smt,UA,11,22,316.34,6.98
gnr,B,smt,UA,12,24,349.34,6.32
gnr,B,smt,UA,13,26,375.41,5.88
gnr,B,smt,UA,14,28,408.37,5.41
gnr,B,smt,UA,15,30,440.39,5.02
gnr,B,smt,UA,16,32,469.56,4.7
gnr,B,smt,UA,17,34,491.92,4.49
gnr,B,smt,UA,18,36,515.86,4.28
gnr,B,smt,UA,19,38,532.47,4.15
gnr,B,smt,UA,20,40,562.06,3.93
gnr,B,smt,UA,21,42,589.29,3.75
gnr,B,smt,UA,22,44,618.64,3.57
gnr,B,smt,UA,23,46,642.58,3.44
gnr,B,smt,UA,24,48,669.93,3.3
gnr,B,smt,UA,25,50,693.39,3.19
gnr,B,smt,UA,26,52,718.52,3.07
gnr,B,smt,UA,27,54,744.0,2.97
gnr,B,smt,UA,28,56,767.1,2.88
gnr,B,smt,UA,29,58,786.03,2.81
gnr,B,smt,UA,30,60,806.5,2.74
gnr,B,smt,UA,31,62,831.68,2.66
gnr,B,smt,UA,32,64,843.12,2.62
gnr,B,smt,UA,33,66,864.16,2.56
gnr,B,smt,UA,34,68,879.38,2.51
gnr,B,smt,UA,35,70,896.97,2.46
gnr,B,smt,UA,36,72,904.65,2.44
gnr,B,smt,UA,37,74,923.25,2.39
gnr,B,smt,UA,38,76,929.7,2.38
gnr,B,smt,UA,39,78,954.62,2.31
gnr,B,smt,UA,40,80,963.33,2.29
gnr,B,smt,UA,41,82,971.96,2.27
gnr,B,smt,UA,42,84,982.89,2.25
gnr,B,smt,UA,43,86,983.14,2.25
gnr,B,smt,UA,44,88,1007.47,2.19
gnr,B,smt,UA,45,90,1003.86,2.2
gnr,B,smt,UA,46,92,1019.63,2.17
gnr,B,smt,UA,47,94,1026.16,2.15
gnr,B,smt,UA,48,96,1024.28,2.16
gnr,B,smt,UA,49,98,1028.38,2.15
gnr,B,smt,UA,50,100,1039.94,2.12
gnr,B,smt,UA,51,102,1046.75,2.11
gnr,B,smt,UA,52,104,1051.87,2.1
gnr,B,smt,UA,53,106,1049.59,2.1
gnr,B,smt,UA,54,108,1051.26,2.1
gnr,B,smt,UA,55,110,1054.84,2.09
gnr,B,smt,UA,56,112,1054.72,2.09
gnr,B,smt,UA,57,114,1061.79,2.08
gnr,B,smt,UA,58,116,1050.24,2.1
gnr,B,smt,UA,59,118,1060.48,2.08
gnr,B,smt,UA,60,120,1051.21,2.1
gnr,B,smt,UA,61,122,1052.52,2.1
gnr,B,smt,UA,62,124,1050.15,2.1
gnr,B,smt,UA,63,126,1045.34,2.11
gnr,B,smt,UA,64,128,1056.85,2.09
gnr,B,smt,UA,65,130,1052.12,2.1
gnr,B,smt,UA,66,132,1031.4,2.14
gnr,B,smt,UA,67,134,1025.64,2.15
gnr,B,smt,UA,68,136,1014.41,2.18
gnr,B,smt,UA,69,138,1004.62,2.2
gnr,B,smt,UA,70,140,1005.07,2.2
gnr,B,smt,UA,71,142,1006.43,2.19
gnr,B,smt,UA,72,144,984.81,2.24
gnr,B,smt,UA,73,146,974.11,2.27
gnr,B,smt,UA,74,148,988.25,2.24
gnr,B,smt,UA,75,150,977.84,2.26
gnr,B,smt,UA,76,152,963.32,2.29
gnr,B,smt,UA,77,154,964.44,2.29
gnr,B,smt,UA,78,156,960.77,2.3
gnr,B,smt,UA,79,158,849.13,2.6
gnr,B,smt,UA,80,160,931.11,2.37
gnr,B,smt,UA,81,162,928.83,2.38
gnr,B,smt,UA,82,164,899.31,2.46
gnr,B,smt,UA,83,166,916.93,2.41
gnr,B,smt,UA,84,168,889.62,2.48
gnr,B,smt,UA,85,170,893.61,2.47
gnr,B,smt,UA,86,172,884.01,2.5
gnr,B,smt,UA,87,174,856.0,2.58
gnr,B,smt,UA,88,176,853.36,2.59
gnr,B,smt,UA,89,178,848.85,2.6
gnr,B,smt,UA,90,180,866.58,2.55
gnr,B,smt,UA,91,182,831.03,2.66
gnr,B,smt,UA,92,184,819.91,2.69
gnr,B,smt,UA,93,186,806.88,2.74
gnr,B,smt,UA,94,188,807.88,2.73
gnr,B,smt,UA,95,190,800.46,2.76
gnr,B,smt,UA,96,192,784.61,2.82
